"","Kingdom","Phylum","Class","Order","Family","Genus","Species"
"ASV_1","k__Fungi","p__Basidiomycota","c__Tremellomycetes","o__Tremellales","f__Bulleribasidiaceae","g__Vishniacozyma","s__victoriae"
"ASV_2","k__Fungi","p__Ascomycota","c__Dothideomycetes","o__Capnodiales","f__Cladosporiaceae","g__Cladosporium","s__herbarum"
"ASV_3","k__Fungi","p__Basidiomycota","c__Tremellomycetes","o__Tremellales","f__Bulleribasidiaceae","g__Dioszegia","s__patagonica"
"ASV_4","k__Fungi","p__Basidiomycota","c__Tremellomycetes","o__Tremellales","f__Bulleribasidiaceae","g__Vishniacozyma","s__victoriae"
"ASV_5","k__Fungi","p__Basidiomycota","c__Tremellomycetes","o__Filobasidiales","f__Filobasidiaceae","g__Filobasidium","s__chernovii"
"ASV_6","k__Fungi","p__Basidiomycota","c__Tremellomycetes","o__Tremellales","f__Bulleribasidiaceae","g__Vishniacozyma","s__heimaeyensis"
"ASV_7","k__Fungi","p__Ascomycota","c__Dothideomycetes","o__Capnodiales","f__Cladosporiaceae","g__Cladosporium",NA
"ASV_8","k__Fungi","p__Ascomycota","c__Dothideomycetes","o__Pleosporales","f__Pleosporaceae","g__Alternaria","s__tenuissima"
"ASV_9","k__Fungi","p__Ascomycota","c__Dothideomycetes","o__Pleosporales","f__Didymellaceae","g__Didymella",NA
"ASV_10","k__Fungi","p__Ascomycota","c__Dothideomycetes","o__Pleosporales","f__Didymellaceae","g__Ascochyta",NA
"ASV_11","k__Fungi","p__Ascomycota","c__Dothideomycetes","o__Pleosporales","f__Didymellaceae",NA,NA
"ASV_12","k__Fungi","p__Basidiomycota","c__Tremellomycetes","o__Tremellales","f__Bulleribasidiaceae","g__Vishniacozyma","s__heimaeyensis"
"ASV_13","k__Fungi",NA,NA,NA,NA,NA,NA
"ASV_14","k__Fungi","p__Basidiomycota","c__Tremellomycetes","o__Tremellales","f__Bulleribasidiaceae","g__Vishniacozyma","s__victoriae"
"ASV_15","k__Fungi","p__Ascomycota","c__Dothideomycetes","o__Capnodiales","f__Cladosporiaceae","g__Cladosporium","s__cladosporioides"
"ASV_16","k__Fungi","p__Ascomycota","c__Taphrinomycetes","o__Taphrinales","f__Protomycetaceae","g__Protomyces","s__inouyei"
"ASV_17","k__Fungi","p__Basidiomycota","c__Tremellomycetes","o__Tremellales","f__Bulleribasidiaceae","g__Vishniacozyma","s__dimennae"
"ASV_18","k__Fungi","p__Ascomycota","c__Dothideomycetes","o__Pleosporales","f__Melanommataceae","g__Herpotrichia","s__pinetorum"
"ASV_19","k__Fungi","p__Ascomycota","c__Dothideomycetes","o__Pleosporales","f__Phaeosphaeriaceae","g__Neostagonospora","s__caricis"
"ASV_20","k__Fungi","p__Basidiomycota","c__Tremellomycetes","o__Tremellales","f__Cryptococcaceae","g__Cryptococcus","s__watticus"
"ASV_21","k__Fungi","p__Ascomycota","c__Dothideomycetes","o__Pleosporales","f__Pleosporaceae","g__Stemphylium","s__globuliferum"
"ASV_22","k__Fungi","p__Ascomycota","c__Sordariomycetes","o__Xylariales","f__Amphisphaeriaceae","g__Microdochium","s__nivale"
"ASV_23","k__Fungi","p__Basidiomycota","c__Tremellomycetes","o__Tremellales","f__Cryptococcaceae","g__Cryptococcus","s__festucosus"
"ASV_24","k__Fungi","p__Ascomycota","c__Dothideomycetes","o__Pleosporales","f__Pleosporaceae","g__Alternaria","s__leptinellae"
"ASV_25","k__Fungi","p__Ascomycota","c__Dothideomycetes","o__Pleosporales","f__Didymellaceae",NA,NA
"ASV_26","k__Fungi","p__Ascomycota","c__Dothideomycetes","o__Pleosporales","f__Pleosporaceae","g__Stemphylium","s__vesicarium"
"ASV_27","k__Fungi","p__Basidiomycota","c__Tremellomycetes","o__Tremellales","f__Bulleribasidiaceae","g__Vishniacozyma","s__psychrotolerans"
"ASV_28","k__Fungi","p__Ascomycota","c__Dothideomycetes","o__Pleosporales","f__Melanommataceae",NA,NA
"ASV_29","k__Fungi","p__Basidiomycota","c__Tremellomycetes","o__Tremellales","f__Bulleribasidiaceae","g__Vishniacozyma","s__tephrensis"
"ASV_30","k__Fungi","p__Ascomycota","c__Dothideomycetes","o__Pleosporales","f__Pleosporaceae","g__Alternaria","s__subcucurbitae"
"ASV_31","k__Fungi","p__Ascomycota","c__Dothideomycetes","o__Pleosporales","f__Phaeosphaeriaceae","g__Paraphoma","s__radicina"
"ASV_32","k__Fungi","p__Basidiomycota","c__Tremellomycetes","o__Tremellales","f__Bulleribasidiaceae","g__Vishniacozyma","s__dimennae"
"ASV_33","k__Fungi","p__Basidiomycota","c__Cystobasidiomycetes","o__Sakaguchiales","f__Sakaguchiaceae","g__Sakaguchia","s__dacryoidea"
"ASV_34","k__Fungi","p__Basidiomycota","c__Agaricomycetes","o__Cantharellales","f__Ceratobasidiaceae","g__Ceratobasidiaceae_gen_Incertae_sedis",NA
"ASV_35","k__Fungi","p__Ascomycota","c__Leotiomycetes","o__Erysiphales","f__Erysiphaceae","g__Blumeria","s__graminis"
"ASV_36","k__Fungi","p__Ascomycota","c__Dothideomycetes",NA,NA,NA,NA
"ASV_37","k__Fungi","p__Ascomycota","c__Dothideomycetes","o__Pleosporales","f__Didymellaceae","g__Didymella",NA
"ASV_38","k__Fungi","p__Ascomycota","c__Dothideomycetes","o__Pleosporales","f__Phaeosphaeriaceae","g__Phaeosphaeria","s__tofieldiae"
"ASV_39","k__Fungi","p__Ascomycota","c__Leotiomycetes","o__Helotiales","f__Discinellaceae","g__Gyoerffyella",NA
"ASV_40","k__Fungi","p__Ascomycota","c__Dothideomycetes","o__Pleosporales","f__Didymellaceae","g__Didymella",NA
"ASV_41","k__Fungi","p__Mortierellomycota","c__Mortierellomycetes","o__Mortierellales","f__Mortierellaceae","g__Mortierella",NA
"ASV_42","k__Fungi","p__Basidiomycota","c__Agaricomycetes","o__Cantharellales","f__Ceratobasidiaceae",NA,NA
"ASV_43","k__Fungi","p__Ascomycota","c__Dothideomycetes","o__Mycosphaerellales","f__Mycosphaerellaceae","g__Ramularia",NA
"ASV_44","k__Fungi","p__Basidiomycota","c__Tremellomycetes","o__Tremellales","f__Bulleribasidiaceae","g__Dioszegia","s__patagonica"
"ASV_45","k__Fungi","p__Ascomycota","c__Dothideomycetes","o__Mycosphaerellales","f__Mycosphaerellaceae","g__Ramularia",NA
"ASV_46","k__Fungi","p__Ascomycota","c__Dothideomycetes","o__Pleosporales","f__Didymellaceae","g__Boeremia",NA
"ASV_47","k__Fungi","p__Ascomycota","c__Dothideomycetes","o__Pleosporales","f__Didymellaceae",NA,NA
"ASV_48","k__Fungi","p__Basidiomycota","c__Tremellomycetes","o__Tremellales","f__Bulleribasidiaceae","g__Vishniacozyma","s__heimaeyensis"
"ASV_49","k__Fungi","p__Ascomycota","c__Leotiomycetes","o__Helotiales",NA,NA,NA
"ASV_50","k__Fungi","p__Ascomycota","c__Dothideomycetes","o__Pleosporales","f__Didymellaceae","g__Epicoccum",NA
"ASV_51","k__Fungi","p__Basidiomycota","c__Agaricomycetes","o__Cantharellales","f__Ceratobasidiaceae","g__Ceratobasidiaceae_gen_Incertae_sedis",NA
"ASV_52","k__Fungi","p__Ascomycota","c__Dothideomycetes","o__Capnodiales","f__Cladosporiaceae","g__Cladosporium",NA
"ASV_53","k__Fungi","p__Basidiomycota","c__Microbotryomycetes","o__Sporidiobolales","f__Sporidiobolaceae","g__Rhodotorula","s__babjevae"
"ASV_54","k__Fungi","p__Basidiomycota","c__Tremellomycetes","o__Tremellales","f__Bulleribasidiaceae","g__Vishniacozyma","s__victoriae"
"ASV_55","k__Fungi","p__Basidiomycota","c__Tremellomycetes","o__Filobasidiales","f__Filobasidiaceae","g__Naganishia","s__diffluens"
"ASV_56","k__Fungi","p__Basidiomycota","c__Microbotryomycetes","o__Leucosporidiales","f__Leucosporidiaceae","g__Leucosporidium",NA
"ASV_57","k__Fungi","p__Basidiomycota","c__Tremellomycetes","o__Tremellales","f__Bulleribasidiaceae","g__Vishniacozyma","s__victoriae"
"ASV_58","k__Fungi","p__Basidiomycota","c__Tremellomycetes","o__Cystofilobasidiales","f__Mrakiaceae","g__Mrakia","s__frigida"
"ASV_59","k__Fungi","p__Basidiomycota","c__Tremellomycetes","o__Filobasidiales","f__Filobasidiaceae","g__Filobasidium","s__chernovii"
"ASV_60","k__Fungi","p__Ascomycota","c__Dothideomycetes","o__Capnodiales","f__Cladosporiaceae","g__Cladosporium",NA
"ASV_61","k__Fungi",NA,NA,NA,NA,NA,NA
"ASV_62","k__Fungi","p__Basidiomycota","c__Microbotryomycetes","o__Kriegeriales","f__Kriegeriaceae","g__Phenoliferia","s__psychrophila"
"ASV_63","k__Fungi","p__Basidiomycota","c__Tremellomycetes","o__Tremellales","f__Bulleribasidiaceae","g__Vishniacozyma","s__dimennae"
"ASV_64","k__Fungi","p__Ascomycota","c__Dothideomycetes","o__Pleosporales","f__Didymellaceae",NA,NA
"ASV_65","k__Fungi","p__Ascomycota","c__Dothideomycetes","o__Pleosporales","f__Didymellaceae",NA,NA
"ASV_66","k__Fungi","p__Ascomycota","c__Taphrinomycetes","o__Taphrinales","f__Protomycetaceae","g__Protomyces","s__inouyei"
"ASV_67","k__Fungi","p__Mortierellomycota","c__Mortierellomycetes","o__Mortierellales","f__Mortierellaceae",NA,NA
"ASV_68","k__Fungi","p__Ascomycota","c__Sordariomycetes",NA,NA,NA,NA
"ASV_69","k__Fungi","p__Ascomycota","c__Dothideomycetes","o__Pleosporales","f__Phaeosphaeriaceae","g__Juncaceicola",NA
"ASV_70","k__Fungi","p__Ascomycota","c__Dothideomycetes","o__Pleosporales","f__Phaeosphaeriaceae","g__Juncaceicola",NA
"ASV_71","k__Fungi","p__Ascomycota","c__Dothideomycetes","o__Pleosporales","f__Didymellaceae",NA,NA
"ASV_72","k__Fungi","p__Ascomycota","c__Pezizomycotina_cls_Incertae_sedis","o__Pezizomycotina_ord_Incertae_sedis","f__Pezizomycotina_fam_Incertae_sedis","g__Tricellula",NA
"ASV_73","k__Fungi","p__Mortierellomycota","c__Mortierellomycetes","o__Mortierellales","f__Mortierellaceae",NA,NA
"ASV_74","k__Fungi","p__Ascomycota","c__Leotiomycetes","o__Helotiales","f__Dermateaceae","g__Calloria",NA
"ASV_75","k__Fungi","p__Basidiomycota","c__Agaricomycetes","o__Cantharellales","f__Ceratobasidiaceae","g__Ceratobasidiaceae_gen_Incertae_sedis",NA
"ASV_76","k__Fungi","p__Basidiomycota","c__Tremellomycetes","o__Tremellales","f__Bulleribasidiaceae","g__Vishniacozyma","s__victoriae"
"ASV_77","k__Fungi","p__Ascomycota","c__Dothideomycetes","o__Pleosporales","f__Phaeosphaeriaceae",NA,NA
"ASV_78","k__Fungi","p__Ascomycota","c__Dothideomycetes","o__Pleosporales","f__Phaeosphaeriaceae","g__Paraloratospora","s__gahniae"
"ASV_79","k__Fungi","p__Ascomycota","c__Dothideomycetes","o__Pleosporales","f__Pleosporaceae","g__Alternaria",NA
"ASV_80","k__Fungi","p__Ascomycota","c__Dothideomycetes","o__Pleosporales","f__Phaeosphaeriaceae","g__Sclerostagonospora",NA
"ASV_81","k__Fungi","p__Ascomycota","c__Dothideomycetes","o__Mycosphaerellales","f__Mycosphaerellaceae","g__Ramularia",NA
"ASV_82","k__Fungi","p__Basidiomycota","c__Tremellomycetes","o__Tremellales","f__Bulleribasidiaceae","g__Vishniacozyma","s__victoriae"
"ASV_83","k__Fungi","p__Ascomycota","c__Sordariomycetes","o__Hypocreales","f__Nectriaceae","g__Fusarium",NA
"ASV_84","k__Fungi","p__Basidiomycota","c__Tremellomycetes","o__Tremellales","f__Bulleribasidiaceae","g__Vishniacozyma","s__dimennae"
"ASV_86","k__Fungi","p__Ascomycota","c__Dothideomycetes","o__Pleosporales","f__Didymellaceae","g__Endophoma","s__elongata"
"ASV_87","k__Fungi","p__Ascomycota","c__Dothideomycetes","o__Pleosporales","f__Melanommataceae",NA,NA
"ASV_88","k__Fungi","p__Basidiomycota","c__Tremellomycetes","o__Tremellales","f__Bulleribasidiaceae","g__Dioszegia","s__patagonica"
"ASV_89","k__Fungi","p__Ascomycota","c__Dothideomycetes","o__Capnodiales","f__Cladosporiaceae","g__Cladosporium",NA
"ASV_90","k__Fungi","p__Ascomycota","c__Dothideomycetes","o__Pleosporales","f__Pleosporaceae","g__Pyrenophora",NA
"ASV_91","k__Fungi","p__Basidiomycota","c__Tremellomycetes","o__Filobasidiales","f__Filobasidiaceae","g__Naganishia","s__randhawae"
"ASV_92","k__Fungi","p__Basidiomycota","c__Tremellomycetes","o__Tremellales","f__Bulleribasidiaceae","g__Vishniacozyma","s__dimennae"
"ASV_93","k__Fungi","p__Ascomycota","c__Dothideomycetes","o__Pleosporales","f__Didymellaceae",NA,NA
"ASV_94","k__Fungi","p__Ascomycota","c__Dothideomycetes","o__Pleosporales","f__Pleosporaceae","g__Alternaria","s__eureka"
"ASV_95","k__Fungi","p__Basidiomycota","c__Tremellomycetes","o__Tremellales","f__Bulleribasidiaceae","g__Dioszegia","s__patagonica"
"ASV_96","k__Fungi","p__Ascomycota","c__Leotiomycetes","o__Helotiales","f__Dermateaceae","g__Coleophoma",NA
"ASV_97","k__Fungi","p__Ascomycota","c__Dothideomycetes","o__Pleosporales","f__Didymellaceae",NA,NA
"ASV_98","k__Fungi","p__Ascomycota","c__Dothideomycetes","o__Mycosphaerellales","f__Mycosphaerellaceae","g__Ramularia",NA
"ASV_99","k__Fungi","p__Basidiomycota","c__Tremellomycetes","o__Cystofilobasidiales","f__Cystofilobasidiaceae","g__Cystofilobasidium","s__macerans"
"ASV_100","k__Fungi","p__Basidiomycota","c__Tremellomycetes","o__Tremellales","f__Bulleraceae","g__Bullera","s__unica"
"ASV_101","k__Fungi","p__Basidiomycota","c__Tremellomycetes","o__Tremellales","f__Bulleribasidiaceae","g__Dioszegia","s__patagonica"
"ASV_102","k__Fungi","p__Ascomycota","c__Dothideomycetes","o__Mycosphaerellales","f__Mycosphaerellaceae","g__Cercospora",NA
"ASV_103","k__Fungi","p__Basidiomycota","c__Tremellomycetes","o__Tremellales","f__Bulleribasidiaceae","g__Vishniacozyma","s__victoriae"
"ASV_104","k__Fungi","p__Basidiomycota","c__Tremellomycetes","o__Tremellales","f__Bulleribasidiaceae","g__Vishniacozyma","s__victoriae"
"ASV_105","k__Fungi","p__Ascomycota","c__Dothideomycetes","o__Pleosporales","f__Didymellaceae","g__Epicoccum",NA
"ASV_106","k__Fungi","p__Ascomycota","c__Leotiomycetes","o__Helotiales","f__Helotiaceae","g__Articulospora","s__proliferata"
"ASV_107","k__Fungi","p__Basidiomycota","c__Tremellomycetes","o__Tremellales","f__Bulleribasidiaceae","g__Vishniacozyma","s__victoriae"
"ASV_108","k__Fungi","p__Basidiomycota","c__Tremellomycetes","o__Tremellales","f__Bulleribasidiaceae","g__Vishniacozyma","s__victoriae"
"ASV_109","k__Fungi","p__Basidiomycota","c__Tremellomycetes","o__Tremellales","f__Bulleribasidiaceae","g__Vishniacozyma","s__victoriae"
"ASV_110","k__Fungi","p__Ascomycota","c__Dothideomycetes","o__Pleosporales","f__Didymellaceae","g__Neodidymelliopsis","s__xanthina"
"ASV_111","k__Fungi","p__Ascomycota",NA,NA,NA,NA,NA
"ASV_112","k__Fungi","p__Ascomycota","c__Dothideomycetes","o__Pleosporales","f__Didymellaceae",NA,NA
"ASV_113","k__Fungi","p__Mortierellomycota","c__Mortierellomycetes","o__Mortierellales","f__Mortierellaceae","g__Mortierella","s__basiparvispora"
"ASV_114","k__Fungi","p__Ascomycota","c__Leotiomycetes","o__Helotiales","f__Helotiaceae","g__Fontanospora","s__fusiramosa"
"ASV_115","k__Fungi","p__Ascomycota","c__Dothideomycetes","o__Capnodiales","f__Cladosporiaceae","g__Cladosporium",NA
"ASV_116","k__Fungi","p__Basidiomycota","c__Tremellomycetes","o__Tremellales","f__Bulleribasidiaceae","g__Vishniacozyma","s__victoriae"
"ASV_117","k__Fungi","p__Basidiomycota","c__Tremellomycetes","o__Tremellales","f__Bulleribasidiaceae","g__Vishniacozyma","s__victoriae"
"ASV_118","k__Fungi","p__Ascomycota","c__Leotiomycetes","o__Helotiales","f__Leotiaceae","g__Flagellospora","s__saccata"
"ASV_119","k__Fungi","p__Basidiomycota","c__Tremellomycetes","o__Tremellales","f__Bulleribasidiaceae","g__Vishniacozyma","s__victoriae"
"ASV_120","k__Fungi","p__Ascomycota","c__Leotiomycetes","o__Helotiales",NA,NA,NA
"ASV_121","k__Fungi","p__Basidiomycota","c__Tremellomycetes","o__Cystofilobasidiales","f__Mrakiaceae","g__Itersonilia","s__perplexans"
"ASV_122","k__Fungi","p__Ascomycota","c__Sordariomycetes","o__Glomerellales","f__Plectosphaerellaceae","g__Plectosphaerella",NA
"ASV_123","k__Fungi","p__Ascomycota","c__Dothideomycetes","o__Pleosporales","f__Pleosporaceae","g__Alternaria","s__tenuissima"
"ASV_124","k__Fungi","p__Ascomycota","c__Leotiomycetes","o__Helotiales","f__Sclerotiniaceae","g__Botrytis",NA
"ASV_125","k__Fungi","p__Ascomycota","c__Dothideomycetes","o__Pleosporales","f__Didymellaceae",NA,NA
"ASV_126","k__Fungi","p__Ascomycota","c__Dothideomycetes","o__Pleosporales","f__Melanommataceae",NA,NA
"ASV_127","k__Fungi","p__Basidiomycota","c__Tremellomycetes","o__Filobasidiales","f__Piskurozymaceae","g__Solicoccozyma",NA
"ASV_128","k__Fungi","p__Ascomycota","c__Dothideomycetes","o__Mycosphaerellales","f__Mycosphaerellaceae","g__Ramularia","s__haroldporteri"
"ASV_129","k__Fungi","p__Basidiomycota","c__Tremellomycetes","o__Tremellales","f__Bulleribasidiaceae","g__Vishniacozyma","s__victoriae"
"ASV_130","k__Fungi","p__Basidiomycota","c__Tremellomycetes","o__Filobasidiales","f__Filobasidiaceae","g__Naganishia",NA
"ASV_131","k__Fungi",NA,NA,NA,NA,NA,NA
"ASV_132","k__Fungi","p__Ascomycota","c__Leotiomycetes","o__Helotiales","f__Discinellaceae","g__Gyoerffyella",NA
"ASV_133","k__Fungi","p__Basidiomycota","c__Tremellomycetes","o__Filobasidiales","f__Filobasidiaceae","g__Filobasidium","s__oeirense"
"ASV_134","k__Fungi","p__Basidiomycota","c__Tremellomycetes","o__Cystofilobasidiales","f__Cystofilobasidiaceae","g__Cystofilobasidium",NA
"ASV_135","k__Fungi","p__Olpidiomycota","c__Olpidiomycetes","o__Olpidiales","f__Olpidiaceae","g__Olpidium",NA
"ASV_136","k__Fungi","p__Ascomycota","c__Dothideomycetes","o__Capnodiales","f__Cladosporiaceae","g__Cladosporium",NA
"ASV_137","k__Fungi","p__Ascomycota","c__Dothideomycetes","o__Mycosphaerellales","f__Mycosphaerellaceae","g__Ramularia","s__hydrangeae-macrophyllae"
"ASV_138","k__Fungi","p__Ascomycota","c__Dothideomycetes","o__Pleosporales","f__Didymellaceae",NA,NA
"ASV_139","k__Fungi","p__Ascomycota","c__Leotiomycetes","o__Helotiales",NA,NA,NA
"ASV_140","k__Fungi","p__Basidiomycota","c__Cystobasidiomycetes","o__Sakaguchiales","f__Sakaguchiaceae","g__Sakaguchia","s__dacryoidea"
"ASV_141","k__Fungi","p__Ascomycota","c__Dothideomycetes","o__Pleosporales","f__Phaeosphaeriaceae",NA,NA
"ASV_142","k__Fungi","p__Ascomycota","c__Dothideomycetes","o__Pleosporales","f__Melanommataceae",NA,NA
"ASV_143","k__Fungi","p__Basidiomycota","c__Tremellomycetes","o__Tremellales","f__Bulleribasidiaceae","g__Vishniacozyma","s__dimennae"
"ASV_144","k__Fungi","p__Ascomycota","c__Dothideomycetes","o__Pleosporales","f__Phaeosphaeriaceae","g__Sclerostagonospora","s__pinguis"
"ASV_145","k__Fungi","p__Basidiomycota","c__Tremellomycetes","o__Tremellales","f__Tremellaceae","g__Tremella","s__encephala"
"ASV_146","k__Fungi","p__Basidiomycota","c__Agaricomycetes","o__Cantharellales","f__Ceratobasidiaceae","g__Rhizoctonia","s__solani"
"ASV_147","k__Fungi","p__Basidiomycota","c__Microbotryomycetes","o__Leucosporidiales","f__Leucosporidiaceae","g__Leucosporidium","s__escuderoi"
"ASV_148","k__Fungi","p__Ascomycota","c__Dothideomycetes","o__Pleosporales","f__Didymellaceae","g__Ascochyta",NA
"ASV_149","k__Fungi","p__Ascomycota","c__Dothideomycetes","o__Pleosporales","f__Pleosporaceae","g__Alternaria","s__subcucurbitae"
"ASV_150","k__Fungi","p__Basidiomycota","c__Microbotryomycetes","o__Sporidiobolales","f__Sporidiobolaceae","g__Rhodotorula","s__babjevae"
"ASV_151","k__Fungi","p__Basidiomycota","c__Tremellomycetes","o__Tremellales","f__Bulleribasidiaceae","g__Vishniacozyma","s__victoriae"
"ASV_152","k__Fungi","p__Ascomycota","c__Leotiomycetes","o__Helotiales","f__Helotiaceae","g__Tetracladium","s__marchalianum"
"ASV_153","k__Fungi","p__Ascomycota","c__Dothideomycetes","o__Capnodiales","f__Cladosporiaceae","g__Cladosporium",NA
"ASV_154","k__Fungi","p__Ascomycota","c__Dothideomycetes","o__Pleosporales","f__Leptosphaeriaceae","g__Leptosphaeriaceae_gen_Incertae_sedis",NA
"ASV_155","k__Fungi","p__Ascomycota","c__Dothideomycetes","o__Pleosporales","f__Phaeosphaeriaceae","g__Paraphoma","s__ledniceana"
"ASV_156","k__Fungi","p__Ascomycota","c__Pezizomycotina_cls_Incertae_sedis","o__Pezizomycotina_ord_Incertae_sedis","f__Pezizomycotina_fam_Incertae_sedis","g__Tricellula",NA
"ASV_157","k__Fungi","p__Ascomycota","c__Leotiomycetes","o__Erysiphales","f__Erysiphaceae","g__Blumeria","s__graminis"
"ASV_158","k__Fungi","p__Ascomycota","c__Dothideomycetes","o__Capnodiales","f__Cladosporiaceae","g__Cladosporium",NA
"ASV_159","k__Fungi","p__Ascomycota","c__Leotiomycetes","o__Helotiales","f__Helotiaceae","g__Infundichalara",NA
"ASV_160","k__Fungi","p__Ascomycota","c__Dothideomycetes","o__Pleosporales","f__Phaeosphaeriaceae","g__Juncaceicola",NA
"ASV_161","k__Fungi","p__Ascomycota","c__Dothideomycetes","o__Capnodiales","f__Cladosporiaceae","g__Cladosporium","s__cladosporioides"
"ASV_162","k__Fungi","p__Basidiomycota","c__Microbotryomycetes","o__Sporidiobolales","f__Sporidiobolaceae","g__Rhodosporidiobolus","s__colostri"
"ASV_163","k__Fungi","p__Ascomycota","c__Pezizomycetes","o__Pezizales","f__Pyronemataceae","g__Tricharina","s__praecox"
"ASV_164","k__Fungi","p__Basidiomycota","c__Cystobasidiomycetes","o__Sakaguchiales","f__Sakaguchiaceae","g__Sakaguchia","s__dacryoidea"
"ASV_165","k__Fungi","p__Ascomycota","c__Dothideomycetes","o__Mycosphaerellales","f__Mycosphaerellaceae","g__Ramularia","s__haroldporteri"
"ASV_166","k__Fungi","p__Ascomycota","c__Sordariomycetes",NA,NA,NA,NA
"ASV_167","k__Fungi","p__Basidiomycota","c__Tremellomycetes","o__Tremellales","f__Rhynchogastremataceae","g__Papiliotrema","s__laurentii"
"ASV_168","k__Fungi","p__Ascomycota","c__Dothideomycetes","o__Mycosphaerellales","f__Mycosphaerellaceae","g__Septoria","s__glycinicola"
"ASV_169","k__Fungi","p__Ascomycota","c__Dothideomycetes","o__Pleosporales","f__Phaeosphaeriaceae","g__Chaetosphaeronema","s__achilleae"
"ASV_170","k__Fungi","p__Chytridiomycota",NA,NA,NA,NA,NA
"ASV_171","k__Fungi","p__Basidiomycota","c__Tremellomycetes","o__Tremellales","f__Bulleribasidiaceae","g__Vishniacozyma","s__dimennae"
"ASV_172","k__Fungi","p__Ascomycota","c__Dothideomycetes","o__Pleosporales","f__Melanommataceae","g__Herpotrichia","s__pinetorum"
"ASV_173","k__Fungi","p__Basidiomycota","c__Microbotryomycetes","o__Microbotryales","f__Ustilentylomataceae","g__Microbotryozyma",NA
"ASV_174","k__Fungi","p__Ascomycota","c__Dothideomycetes",NA,NA,NA,NA
"ASV_175","k__Fungi","p__Basidiomycota","c__Tremellomycetes","o__Trichosporonales","f__Trichosporonaceae","g__Apiotrichum","s__xylopini"
"ASV_176","k__Fungi","p__Basidiomycota","c__Microbotryomycetes","o__Sporidiobolales","f__Sporidiobolaceae","g__Sporobolomyces",NA
"ASV_177","k__Fungi","p__Basidiomycota","c__Microbotryomycetes","o__Microbotryomycetes_ord_Incertae_sedis","f__Chrysozymaceae","g__Sampaiozyma",NA
"ASV_178","k__Fungi","p__Ascomycota","c__Dothideomycetes","o__Pleosporales","f__Sporormiaceae","g__Sporormiella","s__intermedia"
"ASV_179","k__Fungi","p__Basidiomycota","c__Agaricostilbomycetes","o__Agaricostilbales","f__Kondoaceae","g__Kondoa",NA
"ASV_180","k__Fungi","p__Basidiomycota","c__Tremellomycetes","o__Tremellales","f__Bulleribasidiaceae","g__Vishniacozyma","s__victoriae"
"ASV_181","k__Fungi","p__Ascomycota","c__Sordariomycetes","o__Hypocreales","f__Nectriaceae","g__Fusarium",NA
"ASV_182","k__Fungi","p__Basidiomycota","c__Tremellomycetes","o__Tremellales","f__Bulleribasidiaceae","g__Vishniacozyma","s__dimennae"
"ASV_183","k__Fungi","p__Ascomycota","c__Sordariomycetes","o__Glomerellales","f__Plectosphaerellaceae","g__Plectosphaerella",NA
"ASV_184","k__Fungi","p__Ascomycota","c__Dothideomycetes","o__Pleosporales","f__Sporormiaceae","g__Sporormiella","s__similis"
"ASV_185","k__Fungi","p__Ascomycota","c__Dothideomycetes","o__Pleosporales","f__Pleosporaceae","g__Alternaria",NA
"ASV_187","k__Fungi","p__Basidiomycota","c__Tremellomycetes","o__Tremellales","f__Bulleribasidiaceae","g__Dioszegia",NA
"ASV_188","k__Fungi","p__Ascomycota","c__Leotiomycetes","o__Helotiales","f__Calloriaceae","g__Polyphilus",NA
"ASV_189","k__Fungi","p__Ascomycota","c__Pezizomycetes","o__Pezizales","f__Pyronemataceae","g__Heydenia",NA
"ASV_190","k__Fungi","p__Ascomycota","c__Dothideomycetes","o__Mycosphaerellales","f__Mycosphaerellaceae","g__Ramularia",NA
"ASV_191","k__Fungi","p__Basidiomycota","c__Tremellomycetes","o__Tremellales","f__Bulleribasidiaceae","g__Vishniacozyma","s__victoriae"
"ASV_192","k__Fungi","p__Basidiomycota","c__Microbotryomycetes","o__Microbotryomycetes_ord_Incertae_sedis","f__Chrysozymaceae","g__Sampaiozyma","s__ingeniosa"
"ASV_193","k__Fungi","p__Ascomycota","c__Dothideomycetes","o__Pleosporales","f__Phaeosphaeriaceae",NA,NA
"ASV_194","k__Fungi","p__Basidiomycota","c__Tremellomycetes","o__Tremellales","f__Bulleribasidiaceae","g__Vishniacozyma","s__tephrensis"
"ASV_195","k__Fungi","p__Ascomycota","c__Dothideomycetes","o__Pleosporales","f__Didymellaceae","g__Calophoma","s__aquilegiicola"
"ASV_196","k__Fungi","p__Ascomycota","c__Dothideomycetes","o__Pleosporales","f__Sporormiaceae","g__Sporormiella","s__intermedia"
"ASV_197","k__Fungi","p__Ascomycota","c__Dothideomycetes","o__Pleosporales","f__Phaeosphaeriaceae","g__Parastagonospora","s__novozelandica"
"ASV_198","k__Fungi","p__Basidiomycota","c__Tremellomycetes","o__Trichosporonales","f__Trichosporonaceae","g__Trichosporon","s__asahii"
"ASV_199","k__Fungi",NA,NA,NA,NA,NA,NA
"ASV_200","k__Fungi","p__Ascomycota","c__Leotiomycetes","o__Helotiales","f__Discinellaceae","g__Lemonniera","s__centrosphaera"
"ASV_201","k__Fungi","p__Ascomycota","c__Leotiomycetes","o__Helotiales","f__Discinellaceae","g__Lemonniera","s__centrosphaera"
"ASV_202","k__Fungi","p__Ascomycota","c__Leotiomycetes","o__Helotiales","f__Dermateaceae","g__Trichosporiella","s__multisporum"
"ASV_203","k__Fungi","p__Basidiomycota","c__Microbotryomycetes","o__Leucosporidiales","f__Leucosporidiaceae","g__Leucosporidium",NA
"ASV_204","k__Fungi","p__Ascomycota","c__Taphrinomycetes","o__Taphrinales","f__Protomycetaceae","g__Protomyces","s__inouyei"
"ASV_205","k__Fungi","p__Ascomycota","c__Sordariomycetes","o__Sordariales","f__Sordariales_fam_Incertae_sedis","g__Papulaspora","s__byssina"
"ASV_206","k__Fungi","p__Basidiomycota","c__Tremellomycetes","o__Filobasidiales","f__Filobasidiaceae","g__Filobasidium",NA
"ASV_207","k__Fungi","p__Ascomycota","c__Dothideomycetes","o__Pleosporales","f__Didymellaceae",NA,NA
"ASV_208","k__Fungi","p__Basidiomycota","c__Tremellomycetes","o__Cystofilobasidiales","f__Mrakiaceae","g__Itersonilia","s__pannonica"
"ASV_209","k__Fungi","p__Basidiomycota","c__Tremellomycetes","o__Filobasidiales","f__Filobasidiaceae","g__Naganishia","s__diffluens"
"ASV_210","k__Fungi","p__Ascomycota","c__Dothideomycetes","o__Pleosporales","f__Leptosphaeriaceae","g__Paraleptosphaeria","s__nitschkei"
"ASV_211","k__Fungi","p__Basidiomycota","c__Cystobasidiomycetes","o__Cystobasidiales","f__Cystobasidiaceae","g__Cystobasidium","s__pinicola"
"ASV_212","k__Fungi","p__Ascomycota","c__Sordariomycetes","o__Hypocreales","f__Nectriaceae","g__Neonectria",NA
"ASV_213","k__Fungi","p__Chytridiomycota","c__Spizellomycetes","o__Spizellomycetales","f__Spizellomycetales_fam_Incertae_sedis","g__Spizellomycetales_gen_Incertae_sedis",NA
"ASV_214","k__Fungi","p__Basidiomycota","c__Tremellomycetes","o__Tremellales","f__Bulleribasidiaceae","g__Vishniacozyma","s__victoriae"
"ASV_215","k__Fungi","p__Ascomycota","c__Sordariomycetes",NA,NA,NA,NA
"ASV_216","k__Fungi","p__Basidiomycota","c__Tremellomycetes","o__Cystofilobasidiales","f__Cystofilobasidiaceae","g__Cystofilobasidium","s__infirmominiatum"
"ASV_217","k__Fungi","p__Ascomycota","c__Dothideomycetes","o__Pleosporales","f__Didymellaceae","g__Boeremia",NA
"ASV_218","k__Fungi","p__Basidiomycota","c__Tremellomycetes","o__Tremellales","f__Bulleribasidiaceae","g__Dioszegia","s__hungarica"
"ASV_219","k__Fungi","p__Rozellomycota","c__Rozellomycota_cls_Incertae_sedis","o__Rozellomycota_ord_Incertae_sedis","f__Rozellomycota_fam_Incertae_sedis","g__Rozellomycota_gen_Incertae_sedis",NA
"ASV_220","k__Fungi",NA,NA,NA,NA,NA,NA
"ASV_221","k__Fungi","p__Ascomycota","c__Dothideomycetes","o__Pleosporales","f__Phaeosphaeriaceae","g__Septoriella",NA
"ASV_222","k__Fungi","p__Ascomycota","c__Leotiomycetes","o__Helotiales","f__Helotiaceae","g__Fontanospora",NA
"ASV_223","k__Fungi","p__Ascomycota","c__Saccharomycetes","o__Saccharomycetales","f__Phaffomycetaceae","g__Cyberlindnera","s__jadinii"
"ASV_224","k__Fungi","p__Basidiomycota","c__Tremellomycetes","o__Tremellales","f__Bulleribasidiaceae","g__Vishniacozyma","s__heimaeyensis"
"ASV_225","k__Fungi","p__Basidiomycota","c__Exobasidiomycetes","o__Entylomatales","f__Entylomataceae","g__Entylomataceae_gen_Incertae_sedis",NA
"ASV_226","k__Fungi","p__Basidiomycota","c__Tremellomycetes","o__Tremellales","f__Bulleribasidiaceae","g__Dioszegia","s__crocea"
"ASV_227","k__Fungi","p__Ascomycota",NA,NA,NA,NA,NA
"ASV_228","k__Fungi","p__Ascomycota","c__Leotiomycetes","o__Helotiales","f__Leotiaceae","g__Alatospora","s__acuminata"
"ASV_229","k__Fungi","p__Ascomycota","c__Leotiomycetes","o__Helotiales","f__Sclerotiniaceae","g__Botrytis","s__caroliniana"
"ASV_230","k__Fungi","p__Ascomycota","c__Dothideomycetes","o__Pleosporales","f__Didymellaceae","g__Endophoma","s__elongata"
"ASV_231","k__Fungi",NA,NA,NA,NA,NA,NA
"ASV_232","k__Fungi","p__Ascomycota","c__Dothideomycetes","o__Pleosporales","f__Didymellaceae","g__Phoma","s__schachtii"
"ASV_233","k__Fungi",NA,NA,NA,NA,NA,NA
"ASV_234","k__Fungi","p__Basidiomycota","c__Tremellomycetes","o__Tremellales","f__Bulleribasidiaceae","g__Vishniacozyma","s__victoriae"
"ASV_235","k__Fungi","p__Basidiomycota","c__Tremellomycetes","o__Tremellales","f__Bulleribasidiaceae","g__Vishniacozyma","s__victoriae"
"ASV_236","k__Fungi","p__Mortierellomycota","c__Mortierellomycetes","o__Mortierellales","f__Mortierellaceae","g__Mortierella","s__rishikesha"
"ASV_237","k__Fungi","p__Ascomycota","c__Dothideomycetes","o__Pleosporales","f__Pleomassariaceae","g__Pleomassariaceae_gen_Incertae_sedis",NA
"ASV_238","k__Fungi","p__Basidiomycota","c__Agaricomycetes","o__Sebacinales","f__Serendipitaceae","g__Serendipita","s__herbamans"
"ASV_239","k__Fungi","p__Basidiomycota","c__Microbotryomycetes","o__Sporidiobolales","f__Sporidiobolaceae","g__Rhodosporidiobolus","s__colostri"
"ASV_240","k__Fungi","p__Ascomycota","c__Leotiomycetes","o__Helotiales",NA,NA,NA
"ASV_241","k__Fungi","p__Ascomycota","c__Dothideomycetes","o__Pleosporales","f__Phaeosphaeriaceae","g__Neosetophoma",NA
"ASV_242","k__Fungi","p__Ascomycota","c__Dothideomycetes","o__Pleosporales","f__Sporormiaceae","g__Sporormiella","s__similis"
"ASV_243","k__Fungi","p__Ascomycota","c__Leotiomycetes","o__Helotiales","f__Tympanidaceae",NA,NA
"ASV_244","k__Fungi","p__Ascomycota","c__Dothideomycetes","o__Pleosporales","f__Phaeosphaeriaceae","g__Phaeosphaeria","s__tofieldiae"
"ASV_245","k__Fungi","p__Ascomycota","c__Dothideomycetes","o__Pleosporales","f__Phaeosphaeriaceae","g__Bhatiellae","s__rosae"
"ASV_246","k__Fungi","p__Basidiomycota","c__Tremellomycetes","o__Tremellales","f__Bulleribasidiaceae","g__Vishniacozyma","s__tephrensis"
"ASV_247","k__Fungi","p__Ascomycota",NA,NA,NA,NA,NA
"ASV_248","k__Fungi","p__Basidiomycota","c__Tremellomycetes","o__Filobasidiales","f__Filobasidiaceae","g__Filobasidium","s__chernovii"
"ASV_249","k__Fungi","p__Basidiomycota","c__Tremellomycetes","o__Tremellales","f__Bulleribasidiaceae","g__Dioszegia","s__patagonica"
"ASV_250","k__Fungi","p__Ascomycota","c__Dothideomycetes","o__Pleosporales","f__Melanommataceae",NA,NA
"ASV_251","k__Fungi","p__Ascomycota","c__Dothideomycetes","o__Pleosporales","f__Melanommataceae","g__Herpotrichia",NA
"ASV_252","k__Fungi","p__Basidiomycota","c__Tremellomycetes","o__Tremellales","f__Bulleribasidiaceae","g__Vishniacozyma","s__victoriae"
"ASV_253","k__Fungi","p__Basidiomycota","c__Tremellomycetes","o__Tremellales","f__Cryptococcaceae","g__Cryptococcus","s__watticus"
"ASV_254","k__Fungi","p__Ascomycota","c__Sordariomycetes","o__Sordariales","f__Lasiosphaeriaceae","g__Arnium",NA
"ASV_255","k__Fungi","p__Ascomycota","c__Dothideomycetes","o__Pleosporales","f__Didymellaceae","g__Stagonosporopsis",NA
"ASV_256","k__Fungi","p__Mortierellomycota","c__Mortierellomycetes","o__Mortierellales","f__Mortierellaceae",NA,NA
"ASV_257","k__Fungi","p__Ascomycota","c__Dothideomycetes","o__Pleosporales","f__Didymellaceae","g__Epicoccum",NA
"ASV_258","k__Fungi","p__Ascomycota","c__Dothideomycetes","o__Pleosporales","f__Pleosporaceae","g__Stemphylium",NA
"ASV_259","k__Fungi","p__Ascomycota","c__Dothideomycetes","o__Pleosporales","f__Pleosporaceae","g__Alternaria","s__subcucurbitae"
"ASV_260","k__Fungi","p__Ascomycota","c__Leotiomycetes","o__Helotiales","f__Leotiaceae","g__Alatospora","s__acuminata"
"ASV_261","k__Fungi","p__Basidiomycota","c__Tremellomycetes","o__Tremellales","f__Bulleribasidiaceae","g__Vishniacozyma","s__carnescens"
"ASV_262","k__Fungi","p__Ascomycota","c__Pezizomycotina_cls_Incertae_sedis","o__Pezizomycotina_ord_Incertae_sedis","f__Pezizomycotina_fam_Incertae_sedis","g__Kostermansinda","s__minima"
"ASV_263","k__Fungi","p__Basidiomycota","c__Tremellomycetes","o__Tremellales","f__Bulleribasidiaceae","g__Dioszegia","s__patagonica"
"ASV_264","k__Fungi","p__Basidiomycota","c__Tremellomycetes","o__Filobasidiales","f__Filobasidiaceae","g__Filobasidium","s__chernovii"
"ASV_265","k__Fungi","p__Basidiomycota","c__Tremellomycetes","o__Filobasidiales","f__Filobasidiaceae","g__Naganishia",NA
"ASV_266","k__Fungi",NA,NA,NA,NA,NA,NA
"ASV_267","k__Fungi","p__Ascomycota","c__Sordariomycetes","o__Xylariales","f__Amphisphaeriaceae","g__Microdochium","s__nivale"
"ASV_268","k__Fungi","p__Basidiomycota","c__Agaricomycetes","o__Thelephorales","f__Thelephoraceae","g__Tomentella",NA
"ASV_269","k__Fungi","p__Ascomycota","c__Leotiomycetes","o__Helotiales","f__Hyaloscyphaceae","g__Clathrosphaerina",NA
"ASV_270","k__Fungi","p__Basidiomycota","c__Microbotryomycetes","o__Leucosporidiales","f__Leucosporidiaceae","g__Leucosporidiaceae_gen_Incertae_sedis",NA
"ASV_271","k__Fungi","p__Ascomycota",NA,NA,NA,NA,NA
"ASV_272","k__Fungi","p__Ascomycota","c__Dothideomycetes","o__Pleosporales","f__Phaeosphaeriaceae","g__Phaeosphaeria",NA
"ASV_273","k__Fungi","p__Ascomycota","c__Dothideomycetes","o__Mycosphaerellales","f__Mycosphaerellaceae","g__Ramularia",NA
"ASV_274","k__Fungi","p__Basidiomycota","c__Tremellomycetes","o__Tremellales","f__Bulleribasidiaceae","g__Dioszegia","s__patagonica"
"ASV_275","k__Fungi","p__Basidiomycota","c__Tremellomycetes","o__Tremellales","f__Bulleribasidiaceae","g__Dioszegia","s__patagonica"
"ASV_276","k__Fungi","p__Ascomycota","c__Sordariomycetes","o__Sordariales","f__Chaetomiaceae","g__Zopfiella",NA
"ASV_277","k__Fungi","p__Ascomycota","c__Sordariomycetes","o__Xylariales",NA,NA,NA
"ASV_278","k__Fungi","p__Basidiomycota","c__Tremellomycetes","o__Tremellales","f__Bulleribasidiaceae","g__Vishniacozyma","s__victoriae"
"ASV_279","k__Fungi","p__Basidiomycota","c__Tremellomycetes","o__Tremellales","f__Tremellaceae","g__Tremella","s__variae"
"ASV_280","k__Fungi","p__Ascomycota","c__Leotiomycetes","o__Helotiales",NA,NA,NA
"ASV_281","k__Fungi","p__Basidiomycota","c__Tremellomycetes","o__Tremellales","f__Bulleribasidiaceae","g__Dioszegia",NA
"ASV_282","k__Fungi","p__Basidiomycota","c__Tremellomycetes","o__Filobasidiales","f__Filobasidiaceae","g__Filobasidium","s__floriforme"
"ASV_283","k__Fungi","p__Ascomycota","c__Taphrinomycetes","o__Taphrinales","f__Protomycetaceae","g__Protomycetaceae_gen_Incertae_sedis",NA
"ASV_285","k__Fungi","p__Ascomycota","c__Sordariomycetes","o__Hypocreales","f__Nectriaceae","g__Calonectria",NA
"ASV_287","k__Fungi","p__Basidiomycota","c__Tremellomycetes","o__Tremellales","f__Bulleribasidiaceae","g__Vishniacozyma","s__victoriae"
"ASV_288","k__Fungi","p__Basidiomycota","c__Tremellomycetes","o__Tremellales","f__Bulleribasidiaceae","g__Vishniacozyma","s__victoriae"
"ASV_289","k__Fungi","p__Ascomycota","c__Dothideomycetes","o__Pleosporales","f__Leptosphaeriaceae","g__Ampelomyces","s__quisqualis"
"ASV_290","k__Fungi","p__Basidiomycota","c__Microbotryomycetes","o__Microbotryomycetes_ord_Incertae_sedis","f__Chrysozymaceae","g__Sampaiozyma","s__vanillica"
"ASV_291","k__Fungi","p__Basidiomycota","c__Tremellomycetes","o__Filobasidiales","f__Filobasidiaceae","g__Filobasidium","s__floriforme"
"ASV_292","k__Fungi",NA,NA,NA,NA,NA,NA
"ASV_293","k__Fungi","p__Basidiomycota","c__Tremellomycetes","o__Cystofilobasidiales","f__Mrakiaceae","g__Mrakia","s__frigida"
"ASV_294","k__Fungi","p__Ascomycota","c__Sordariomycetes",NA,NA,NA,NA
"ASV_295","k__Fungi","p__Basidiomycota","c__Tremellomycetes","o__Tremellales","f__Bulleribasidiaceae","g__Vishniacozyma","s__victoriae"
"ASV_296","k__Fungi","p__Basidiomycota","c__Tremellomycetes","o__Tremellales","f__Bulleribasidiaceae","g__Vishniacozyma","s__carnescens"
"ASV_297","k__Fungi","p__Basidiomycota","c__Tremellomycetes","o__Filobasidiales","f__Piskurozymaceae","g__Solicoccozyma","s__keelungensis"
"ASV_298","k__Fungi","p__Ascomycota","c__Dothideomycetes","o__Mycosphaerellales","f__Mycosphaerellaceae","g__Ramularia",NA
"ASV_299","k__Fungi","p__Basidiomycota","c__Tremellomycetes","o__Filobasidiales","f__Piskurozymaceae","g__Solicoccozyma","s__terrea"
"ASV_300","k__Fungi","p__Ascomycota","c__Sordariomycetes","o__Hypocreales","f__Nectriaceae","g__Fusarium",NA
"ASV_301","k__Fungi","p__Basidiomycota","c__Tremellomycetes","o__Tremellales","f__Bulleribasidiaceae","g__Vishniacozyma","s__victoriae"
"ASV_302","k__Fungi","p__Basidiomycota","c__Tremellomycetes","o__Tremellales","f__Bulleribasidiaceae","g__Vishniacozyma","s__victoriae"
"ASV_303","k__Fungi","p__Basidiomycota","c__Cystobasidiomycetes","o__Erythrobasidiales","f__Erythrobasidiaceae","g__Erythrobasidium","s__yunnanense"
"ASV_304","k__Fungi","p__Basidiomycota","c__Agaricomycetes","o__Agaricales",NA,NA,NA
"ASV_305","k__Fungi","p__Basidiomycota","c__Tremellomycetes","o__Tremellales","f__Bulleribasidiaceae","g__Vishniacozyma","s__victoriae"
"ASV_306","k__Fungi","p__Basidiomycota","c__Tremellomycetes","o__Filobasidiales","f__Filobasidiaceae","g__Filobasidium","s__chernovii"
"ASV_307","k__Fungi","p__Basidiomycota","c__Tremellomycetes","o__Tremellales","f__Bulleribasidiaceae","g__Vishniacozyma","s__victoriae"
"ASV_308","k__Fungi",NA,NA,NA,NA,NA,NA
"ASV_310","k__Fungi",NA,NA,NA,NA,NA,NA
"ASV_311","k__Fungi","p__Ascomycota","c__Leotiomycetes","o__Thelebolales","f__Thelebolaceae","g__Thelebolus","s__globosus"
"ASV_312","k__Fungi","p__Basidiomycota","c__Tremellomycetes","o__Tremellales","f__Bulleribasidiaceae","g__Vishniacozyma","s__heimaeyensis"
"ASV_313","k__Fungi","p__Ascomycota","c__Dothideomycetes","o__Pleosporales","f__Pleosporaceae","g__Pyrenophora","s__biseptata"
"ASV_314","k__Fungi","p__Ascomycota","c__Leotiomycetes","o__Helotiales","f__Sclerotiniaceae",NA,NA
"ASV_315","k__Fungi","p__Chytridiomycota","c__Chytridiomycota_cls_Incertae_sedis","o__Chytridiomycota_ord_Incertae_sedis","f__Chytridiomycota_fam_Incertae_sedis","g__Chytridiomycota_gen_Incertae_sedis",NA
"ASV_316","k__Fungi","p__Basidiomycota","c__Tremellomycetes","o__Tremellales","f__Rhynchogastremataceae","g__Papiliotrema","s__laurentii"
"ASV_317","k__Fungi","p__Basidiomycota","c__Tremellomycetes","o__Tremellales","f__Bulleribasidiaceae","g__Vishniacozyma","s__victoriae"
"ASV_318","k__Fungi","p__Basidiomycota","c__Tremellomycetes","o__Tremellales","f__Bulleribasidiaceae","g__Vishniacozyma","s__dimennae"
"ASV_319","k__Fungi","p__Ascomycota","c__Dothideomycetes","o__Pleosporales","f__Pleosporaceae","g__Alternaria","s__tenuissima"
"ASV_320","k__Fungi","p__Ascomycota","c__Taphrinomycetes","o__Taphrinales","f__Protomycetaceae","g__Protomycetaceae_gen_Incertae_sedis",NA
"ASV_321","k__Fungi","p__Basidiomycota","c__Tremellomycetes","o__Tremellales","f__Bulleribasidiaceae","g__Dioszegia","s__patagonica"
"ASV_322","k__Fungi","p__Basidiomycota","c__Microbotryomycetes","o__Microbotryales","f__Ustilentylomataceae","g__Microbotryozyma",NA
"ASV_323","k__Fungi","p__Ascomycota","c__Dothideomycetes","o__Pleosporales","f__Phaeosphaeriaceae","g__Phaeosphaeria","s__culmorum"
"ASV_324","k__Fungi",NA,NA,NA,NA,NA,NA
"ASV_325","k__Fungi","p__Ascomycota",NA,NA,NA,NA,NA
"ASV_326","k__Fungi","p__Basidiomycota","c__Microbotryomycetes","o__Microbotryomycetes_ord_Incertae_sedis","f__Microbotryomycetes_fam_Incertae_sedis","g__Curvibasidium",NA
"ASV_327","k__Fungi","p__Basidiomycota","c__Tremellomycetes","o__Tremellales","f__Bulleribasidiaceae","g__Vishniacozyma","s__victoriae"
"ASV_328","k__Fungi","p__Basidiomycota","c__Microbotryomycetes","o__Kriegeriales","f__Kriegeriaceae","g__Phenoliferia","s__glacialis"
"ASV_329","k__Fungi","p__Mortierellomycota","c__Mortierellomycetes","o__Mortierellales","f__Mortierellaceae","g__Linnemannia",NA
"ASV_330","k__Fungi","p__Basidiomycota","c__Cystobasidiomycetes",NA,NA,NA,NA
"ASV_331","k__Fungi","p__Basidiomycota","c__Tremellomycetes","o__Tremellales","f__Bulleribasidiaceae","g__Vishniacozyma","s__victoriae"
"ASV_332","k__Fungi","p__Chytridiomycota","c__Lobulomycetes","o__Lobulomycetales","f__Lobulomycetales_fam_Incertae_sedis","g__Lobulomycetales_gen_Incertae_sedis",NA
"ASV_333","k__Fungi","p__Ascomycota","c__Dothideomycetes","o__Pleosporales","f__Pleosporaceae","g__Alternaria",NA
"ASV_335","k__Fungi","p__Basidiomycota","c__Tremellomycetes","o__Tremellales","f__Bulleribasidiaceae","g__Vishniacozyma","s__tephrensis"
"ASV_336","k__Fungi","p__Mortierellomycota","c__Mortierellomycetes","o__Mortierellales","f__Mortierellaceae",NA,NA
"ASV_337","k__Fungi","p__Basidiomycota","c__Tremellomycetes","o__Tremellales","f__Bulleribasidiaceae","g__Vishniacozyma","s__victoriae"
"ASV_338","k__Fungi","p__Ascomycota",NA,NA,NA,NA,NA
"ASV_339","k__Fungi","p__Basidiomycota","c__Tremellomycetes","o__Tremellales","f__Bulleribasidiaceae","g__Vishniacozyma","s__victoriae"
"ASV_340","k__Fungi","p__Ascomycota","c__Sordariomycetes","o__Hypocreales","f__Nectriaceae","g__Fusarium",NA
"ASV_341","k__Fungi","p__Ascomycota","c__Leotiomycetes","o__Helotiales",NA,NA,NA
"ASV_342","k__Fungi","p__Basidiomycota","c__Tremellomycetes","o__Tremellales","f__Bulleribasidiaceae","g__Vishniacozyma","s__victoriae"
"ASV_343","k__Fungi","p__Basidiomycota","c__Tremellomycetes","o__Tremellales","f__Bulleribasidiaceae","g__Vishniacozyma","s__victoriae"
"ASV_344","k__Fungi","p__Basidiomycota","c__Tremellomycetes","o__Tremellales","f__Bulleribasidiaceae","g__Vishniacozyma","s__victoriae"
"ASV_345","k__Fungi","p__Basidiomycota","c__Agaricomycetes",NA,NA,NA,NA
"ASV_346","k__Fungi","p__Ascomycota","c__Dothideomycetes","o__Pleosporales","f__Pleosporaceae","g__Comoclathris",NA
"ASV_347","k__Fungi","p__Ascomycota","c__Leotiomycetes","o__Helotiales",NA,NA,NA
"ASV_348","k__Fungi","p__Chytridiomycota",NA,NA,NA,NA,NA
"ASV_349","k__Fungi","p__Ascomycota","c__Dothideomycetes","o__Pleosporales","f__Phaeosphaeriaceae","g__Paraphoma","s__ledniceana"
"ASV_350","k__Fungi","p__Ascomycota",NA,NA,NA,NA,NA
"ASV_351","k__Fungi","p__Ascomycota","c__Sordariomycetes","o__Sordariales","f__Chaetomiaceae","g__Zopfiella","s__tardifaciens"
"ASV_353","k__Fungi","p__Basidiomycota","c__Tremellomycetes","o__Tremellales","f__Bulleribasidiaceae","g__Vishniacozyma","s__victoriae"
"ASV_354","k__Fungi","p__Basidiomycota","c__Microbotryomycetes","o__Kriegeriales","f__Kriegeriaceae","g__Phenoliferia","s__glacialis"
"ASV_355","k__Fungi","p__Ascomycota","c__Leotiomycetes","o__Helotiales","f__Dermateaceae","g__Trichosporiella","s__multisporum"
"ASV_356","k__Fungi","p__Basidiomycota","c__Tremellomycetes","o__Tremellales","f__Bulleribasidiaceae","g__Vishniacozyma","s__victoriae"
"ASV_357","k__Fungi","p__Ascomycota",NA,NA,NA,NA,NA
"ASV_358","k__Fungi","p__Ascomycota","c__Dothideomycetes","o__Pleosporales","f__Sporormiaceae",NA,NA
"ASV_359","k__Fungi","p__Ascomycota","c__Pezizomycetes","o__Pezizales","f__Pyronemataceae","g__Pyronema",NA
"ASV_360","k__Fungi","p__Ascomycota","c__Leotiomycetes","o__Helotiales","f__Leotiaceae","g__Alatospora","s__acuminata"
"ASV_361","k__Fungi","p__Basidiomycota","c__Tremellomycetes","o__Tremellales","f__Bulleribasidiaceae","g__Vishniacozyma","s__carnescens"
"ASV_362","k__Fungi","p__Basidiomycota","c__Tremellomycetes","o__Tremellales","f__Bulleribasidiaceae","g__Vishniacozyma","s__victoriae"
"ASV_363","k__Fungi","p__Basidiomycota","c__Tremellomycetes","o__Filobasidiales","f__Filobasidiaceae","g__Filobasidium","s__chernovii"
"ASV_364","k__Fungi","p__Basidiomycota","c__Tremellomycetes","o__Tremellales","f__Bulleribasidiaceae","g__Vishniacozyma","s__dimennae"
"ASV_365","k__Fungi","p__Basidiomycota","c__Tremellomycetes","o__Tremellales","f__Bulleribasidiaceae","g__Vishniacozyma","s__victoriae"
"ASV_366","k__Fungi","p__Ascomycota","c__Sordariomycetes","o__Hypocreales","f__Bionectriaceae","g__Clonostachys","s__rosea"
"ASV_367","k__Fungi","p__Ascomycota","c__Orbiliomycetes","o__Orbiliales","f__Orbiliaceae","g__Dactylaria","s__dimorphospora"
"ASV_368","k__Fungi","p__Ascomycota","c__Leotiomycetes","o__Helotiales","f__Leotiaceae","g__Pezoloma","s__ericae"
"ASV_369","k__Fungi","p__Ascomycota","c__Dothideomycetes","o__Pleosporales","f__Didymellaceae","g__Calophoma","s__aquilegiicola"
"ASV_370","k__Fungi","p__Ascomycota","c__Dothideomycetes","o__Pleosporales","f__Phaeosphaeriaceae",NA,NA
"ASV_371","k__Fungi","p__Basidiomycota","c__Tremellomycetes","o__Tremellales","f__Bulleribasidiaceae","g__Vishniacozyma","s__victoriae"
"ASV_372","k__Fungi","p__Basidiomycota","c__Tremellomycetes","o__Tremellales","f__Bulleribasidiaceae","g__Vishniacozyma","s__victoriae"
"ASV_373","k__Fungi","p__Ascomycota","c__Dothideomycetes","o__Pleosporales","f__Pleosporaceae","g__Comoclathris",NA
"ASV_374","k__Fungi","p__Basidiomycota","c__Tremellomycetes","o__Tremellales","f__Phaeotremellaceae","g__Gelidatrema",NA
"ASV_375","k__Fungi","p__Ascomycota","c__Sordariomycetes","o__Hypocreales","f__Nectriaceae","g__Neonectria","s__major"
"ASV_376","k__Fungi","p__Ascomycota","c__Leotiomycetes","o__Helotiales","f__Hyaloscyphaceae","g__Lachnellula","s__fuscosanguinea"
"ASV_377","k__Fungi","p__Ascomycota","c__Dothideomycetes","o__Pleosporales","f__Phaeosphaeriaceae","g__Paraphoma","s__radicina"
"ASV_378","k__Fungi","p__Basidiomycota","c__Agaricomycetes","o__Agaricales","f__Psathyrellaceae","g__Lacrymaria","s__glareosa"
"ASV_379","k__Fungi",NA,NA,NA,NA,NA,NA
"ASV_380","k__Fungi","p__Ascomycota","c__Sordariomycetes",NA,NA,NA,NA
"ASV_381","k__Fungi","p__Ascomycota","c__Saccharomycetes","o__Saccharomycetales","f__Debaryomycetaceae","g__Hyphopichia",NA
"ASV_382","k__Fungi","p__Basidiomycota","c__Microbotryomycetes","o__Sporidiobolales","f__Sporidiobolaceae","g__Rhodotorula",NA
"ASV_383","k__Fungi","p__Ascomycota","c__Sordariomycetes","o__Sordariales","f__Lasiosphaeriaceae","g__Apodospora",NA
"ASV_384","k__Fungi","p__Ascomycota","c__Dothideomycetes","o__Pleosporales","f__Pleosporaceae","g__Pyrenophora","s__poae"
"ASV_385","k__Fungi","p__Basidiomycota","c__Microbotryomycetes","o__Leucosporidiales","f__Leucosporidiaceae","g__Leucosporidium","s__intermedium"
"ASV_386","k__Fungi","p__Ascomycota","c__Dothideomycetes","o__Pleosporales","f__Phaeosphaeriaceae","g__Juncaceicola",NA
"ASV_388","k__Fungi","p__Ascomycota","c__Leotiomycetes","o__Helotiales","f__Dermateaceae","g__Calloria",NA
"ASV_389","k__Fungi","p__Basidiomycota","c__Tremellomycetes","o__Tremellales","f__Bulleribasidiaceae","g__Vishniacozyma","s__victoriae"
"ASV_390","k__Fungi","p__Ascomycota","c__Sordariomycetes","o__Hypocreales","f__Nectriaceae","g__Fusarium",NA
"ASV_391","k__Fungi","p__Basidiomycota","c__Classiculomycetes","o__Classiculales","f__Classiculales_fam_Incertae_sedis","g__Classiculales_gen_Incertae_sedis",NA
"ASV_392","k__Fungi","p__Basidiomycota","c__Tremellomycetes","o__Tremellales","f__Bulleribasidiaceae","g__Vishniacozyma","s__victoriae"
"ASV_393","k__Fungi","p__Basidiomycota","c__Agaricomycetes","o__Agaricales","f__Psathyrellaceae","g__Lacrymaria","s__glareosa"
"ASV_394","k__Fungi","p__Basidiomycota","c__Tremellomycetes","o__Tremellales","f__Phaeotremellaceae","g__Gelidatrema",NA
"ASV_395","k__Fungi","p__Basidiomycota",NA,NA,NA,NA,NA
"ASV_397","k__Fungi","p__Basidiomycota","c__Tremellomycetes","o__Tremellales","f__Bulleribasidiaceae","g__Vishniacozyma","s__victoriae"
"ASV_398","k__Fungi","p__Basidiomycota","c__Tremellomycetes","o__Tremellales","f__Bulleribasidiaceae","g__Dioszegia","s__crocea"
"ASV_399","k__Fungi","p__Ascomycota","c__Leotiomycetes","o__Helotiales","f__Rutstroemiaceae","g__Rutstroemia",NA
"ASV_400","k__Fungi","p__Ascomycota",NA,NA,NA,NA,NA
"ASV_401","k__Fungi","p__Basidiomycota","c__Tremellomycetes","o__Tremellales","f__Bulleribasidiaceae","g__Dioszegia","s__patagonica"
"ASV_402","k__Fungi","p__Basidiomycota","c__Tremellomycetes","o__Tremellales","f__Bulleribasidiaceae","g__Vishniacozyma","s__heimaeyensis"
"ASV_403","k__Fungi",NA,NA,NA,NA,NA,NA
"ASV_404","k__Fungi","p__Basidiomycota","c__Microbotryomycetes","o__Microbotryomycetes_ord_Incertae_sedis","f__Chrysozymaceae",NA,NA
"ASV_405","k__Fungi","p__Ascomycota","c__Sordariomycetes","o__Hypocreales","f__Nectriaceae","g__Fusarium",NA
"ASV_406","k__Fungi","p__Basidiomycota","c__Tremellomycetes","o__Tremellales","f__Bulleribasidiaceae","g__Vishniacozyma","s__victoriae"
"ASV_407","k__Fungi","p__Ascomycota","c__Sordariomycetes",NA,NA,NA,NA
"ASV_408","k__Fungi","p__Basidiomycota","c__Tremellomycetes","o__Tremellales","f__Cryptococcaceae","g__Cryptococcus","s__festucosus"
"ASV_409","k__Fungi",NA,NA,NA,NA,NA,NA
"ASV_411","k__Fungi","p__Ascomycota","c__Sordariomycetes","o__Hypocreales","f__Nectriaceae","g__Fusarium","s__variasi"
"ASV_412","k__Fungi","p__Ascomycota","c__Dothideomycetes","o__Pleosporales","f__Sporormiaceae","g__Preussia","s__persica"
"ASV_413","k__Fungi","p__Ascomycota","c__Sordariomycetes","o__Sordariales","f__Naviculisporaceae","g__Pseudorhypophila","s__marina"
"ASV_414","k__Fungi","p__Ascomycota","c__Dothideomycetes","o__Pleosporales","f__Pleosporaceae","g__Alternaria","s__subcucurbitae"
"ASV_415","k__Fungi","p__Basidiomycota","c__Tremellomycetes","o__Tremellales","f__Bulleribasidiaceae","g__Vishniacozyma","s__victoriae"
"ASV_416","k__Fungi","p__Ascomycota","c__Dothideomycetes","o__Capnodiales","f__Cladosporiaceae","g__Cladosporium",NA
"ASV_417","k__Fungi","p__Basidiomycota","c__Tremellomycetes","o__Tremellales","f__Bulleribasidiaceae","g__Dioszegia","s__patagonica"
"ASV_418","k__Fungi","p__Basidiomycota","c__Tremellomycetes","o__Tremellales","f__Bulleribasidiaceae","g__Vishniacozyma","s__heimaeyensis"
"ASV_419","k__Fungi","p__Basidiomycota","c__Tremellomycetes","o__Tremellales","f__Bulleribasidiaceae","g__Vishniacozyma","s__heimaeyensis"
"ASV_420","k__Fungi","p__Ascomycota","c__Dothideomycetes","o__Pleosporales","f__Sporormiaceae","g__Preussia",NA
"ASV_421","k__Fungi","p__Basidiomycota","c__Tremellomycetes","o__Filobasidiales","f__Filobasidiaceae","g__Naganishia","s__diffluens"
"ASV_422","k__Fungi","p__Ascomycota","c__Sordariomycetes","o__Hypocreales","f__Nectriaceae","g__Neonectria","s__major"
"ASV_423","k__Fungi","p__Ascomycota","c__Dothideomycetes","o__Pleosporales","f__Phaeosphaeriaceae","g__Paraphoma","s__ledniceana"
"ASV_424","k__Fungi","p__Ascomycota",NA,NA,NA,NA,NA
"ASV_425","k__Fungi","p__Ascomycota","c__Leotiomycetes","o__Helotiales","f__Hyaloscyphaceae","g__Hamatocanthoscypha","s__podocarpi"
"ASV_426","k__Fungi","p__Basidiomycota","c__Tremellomycetes","o__Filobasidiales","f__Piskurozymaceae","g__Piskurozyma",NA
"ASV_427","k__Fungi","p__Basidiomycota","c__Tremellomycetes","o__Tremellales","f__Bulleribasidiaceae","g__Vishniacozyma","s__victoriae"
"ASV_428","k__Fungi","p__Basidiomycota","c__Tremellomycetes","o__Tremellales","f__Rhynchogastremataceae",NA,NA
"ASV_429","k__Fungi","p__Ascomycota","c__Sordariomycetes","o__Glomerellales","f__Plectosphaerellaceae","g__Paragibellulopsis","s__chrysanthemi"
"ASV_430","k__Fungi","p__Ascomycota","c__Sordariomycetes","o__Hypocreales","f__Nectriaceae","g__Neonectria","s__major"
"ASV_431","k__Fungi","p__Basidiomycota","c__Tremellomycetes","o__Tremellales","f__Bulleribasidiaceae","g__Vishniacozyma","s__victoriae"
"ASV_432","k__Fungi","p__Basidiomycota","c__Tremellomycetes","o__Tremellales","f__Bulleribasidiaceae","g__Vishniacozyma","s__victoriae"
"ASV_433","k__Fungi","p__Basidiomycota","c__Tremellomycetes","o__Tremellales","f__Bulleribasidiaceae","g__Vishniacozyma","s__victoriae"
"ASV_434","k__Fungi",NA,NA,NA,NA,NA,NA
"ASV_435","k__Fungi","p__Ascomycota","c__Dothideomycetes","o__Pleosporales","f__Didymellaceae","g__Didymella",NA
"ASV_436","k__Fungi","p__Ascomycota","c__Dothideomycetes","o__Capnodiales","f__Cladosporiaceae","g__Cladosporium","s__herbarum"
"ASV_437","k__Fungi","p__Ascomycota",NA,NA,NA,NA,NA
"ASV_438","k__Fungi","p__Ascomycota","c__Sordariomycetes","o__Hypocreales","f__Nectriaceae","g__Fusarium",NA
"ASV_439","k__Fungi","p__Ascomycota","c__Taphrinomycetes","o__Taphrinales","f__Protomycetaceae","g__Protomyces","s__inouyei"
"ASV_440","k__Fungi","p__Ascomycota","c__Sordariomycetes",NA,NA,NA,NA
"ASV_441","k__Fungi","p__Basidiomycota","c__Tremellomycetes","o__Tremellales","f__Bulleribasidiaceae","g__Vishniacozyma","s__victoriae"
"ASV_442","k__Fungi","p__Ascomycota","c__Sordariomycetes","o__Hypocreales","f__Nectriaceae","g__Fusarium",NA
"ASV_443","k__Fungi","p__Basidiomycota","c__Tremellomycetes","o__Tremellales","f__Bulleribasidiaceae","g__Vishniacozyma","s__tephrensis"
"ASV_444","k__Fungi","p__Ascomycota","c__Sordariomycetes",NA,NA,NA,NA
"ASV_445","k__Fungi","p__Ascomycota","c__Taphrinomycetes","o__Taphrinales","f__Protomycetaceae","g__Protomyces","s__inouyei"
"ASV_446","k__Fungi","p__Ascomycota","c__Sordariomycetes","o__Sordariales","f__Naviculisporaceae","g__Pseudorhypophila",NA
"ASV_447","k__Fungi","p__Basidiomycota","c__Tremellomycetes","o__Tremellales","f__Tremellaceae","g__Tremella","s__endosporogena"
"ASV_448","k__Fungi","p__Ascomycota","c__Dothideomycetes","o__Pleosporales","f__Phaeosphaeriaceae","g__Neostagonospora","s__caricis"
"ASV_449","k__Fungi","p__Basidiomycota","c__Cystobasidiomycetes","o__Cystobasidiales","f__Cystobasidiaceae","g__Cystobasidium","s__psychroaquaticum"
"ASV_450","k__Fungi","p__Basidiomycota","c__Tremellomycetes","o__Filobasidiales","f__Piskurozymaceae","g__Solicoccozyma","s__terrea"
"ASV_451","k__Fungi","p__Basidiomycota","c__Tremellomycetes","o__Tremellales","f__Bulleribasidiaceae","g__Dioszegia","s__patagonica"
"ASV_452","k__Fungi","p__Basidiomycota",NA,NA,NA,NA,NA
"ASV_453","k__Fungi","p__Basidiomycota","c__Cystobasidiomycetes","o__Cystobasidiomycetes_ord_Incertae_sedis","f__Symmetrosporaceae","g__Symmetrospora",NA
"ASV_454","k__Fungi","p__Ascomycota","c__Sordariomycetes","o__Lulworthiales","f__Lulworthiaceae","g__Lulwoana","s__uniseptata"
"ASV_455","k__Fungi","p__Ascomycota","c__Sordariomycetes","o__Hypocreales","f__Nectriaceae","g__Fusarium",NA
"ASV_456","k__Fungi",NA,NA,NA,NA,NA,NA
"ASV_457","k__Fungi","p__Basidiomycota","c__Tremellomycetes","o__Tremellales","f__Bulleribasidiaceae","g__Vishniacozyma","s__heimaeyensis"
"ASV_458","k__Fungi","p__Basidiomycota","c__Tremellomycetes","o__Tremellales","f__Bulleribasidiaceae","g__Vishniacozyma","s__victoriae"
"ASV_459","k__Fungi","p__Ascomycota","c__Dothideomycetes","o__Mycosphaerellales","f__Mycosphaerellaceae","g__Mycocentrospora",NA
"ASV_460","k__Fungi","p__Basidiomycota","c__Tremellomycetes","o__Tremellales","f__Bulleribasidiaceae","g__Dioszegia","s__patagonica"
"ASV_461","k__Fungi","p__Rozellomycota","c__Rozellomycota_cls_Incertae_sedis","o__Rozellomycota_ord_Incertae_sedis","f__Rozellomycota_fam_Incertae_sedis","g__Rozellomycota_gen_Incertae_sedis",NA
"ASV_462","k__Fungi","p__Ascomycota","c__Dothideomycetes","o__Capnodiales","f__Cladosporiaceae","g__Rachicladosporium",NA
"ASV_463","k__Fungi","p__Ascomycota","c__Taphrinomycetes","o__Taphrinales","f__Protomycetaceae","g__Protomyces","s__inouyei"
"ASV_464","k__Fungi","p__Ascomycota","c__Dothideomycetes","o__Mycosphaerellales","f__Mycosphaerellaceae","g__Ramularia","s__lamii"
"ASV_465","k__Fungi","p__Mortierellomycota","c__Mortierellomycetes","o__Mortierellales","f__Mortierellaceae","g__Mortierella",NA
"ASV_466","k__Fungi","p__Basidiomycota","c__Agaricomycetes","o__Cantharellales","f__Ceratobasidiaceae","g__Ceratobasidium",NA
"ASV_467","k__Fungi","p__Ascomycota","c__Dothideomycetes","o__Pleosporales","f__Didymellaceae","g__Didymella",NA
"ASV_468","k__Fungi","p__Basidiomycota","c__Tremellomycetes","o__Tremellales","f__Bulleribasidiaceae","g__Vishniacozyma","s__victoriae"
"ASV_469","k__Fungi","p__Ascomycota","c__Dothideomycetes","o__Capnodiales","f__Cladosporiaceae","g__Rachicladosporium",NA
"ASV_470","k__Fungi","p__Ascomycota","c__Lecanoromycetes","o__Acarosporales","f__Acarosporaceae","g__Sarcogyne",NA
"ASV_471","k__Fungi","p__Ascomycota","c__Dothideomycetes","o__Pleosporales","f__Dictyosporiaceae",NA,NA
"ASV_472","k__Fungi","p__Basidiomycota","c__Tremellomycetes","o__Tremellales","f__Bulleribasidiaceae","g__Vishniacozyma","s__victoriae"
"ASV_473","k__Fungi","p__Ascomycota","c__Sordariomycetes","o__Hypocreales","f__Nectriaceae","g__Fusarium",NA
"ASV_474","k__Fungi","p__Ascomycota","c__Dothideomycetes","o__Pleosporales","f__Pleosporaceae","g__Comoclathris",NA
"ASV_475","k__Fungi","p__Basidiomycota","c__Tremellomycetes","o__Tremellales","f__Bulleribasidiaceae","g__Dioszegia","s__patagonica"
"ASV_476","k__Fungi","p__Ascomycota","c__Sordariomycetes","o__Sordariales","f__Sordariales_fam_Incertae_sedis","g__Papulaspora","s__byssina"
"ASV_477","k__Fungi","p__Ascomycota",NA,NA,NA,NA,NA
"ASV_478","k__Fungi","p__Basidiomycota","c__Microbotryomycetes","o__Microbotryomycetes_ord_Incertae_sedis","f__Chrysozymaceae","g__Chrysozymaceae_gen_Incertae_sedis",NA
"ASV_479","k__Fungi","p__Basidiomycota","c__Agaricomycetes","o__Cantharellales","f__Ceratobasidiaceae","g__Ceratobasidiaceae_gen_Incertae_sedis",NA
"ASV_480","k__Fungi","p__Basidiomycota","c__Tremellomycetes","o__Tremellales","f__Bulleribasidiaceae","g__Dioszegia","s__patagonica"
"ASV_481","k__Fungi","p__Basidiomycota","c__Tremellomycetes","o__Tremellales","f__Bulleribasidiaceae","g__Vishniacozyma","s__dimennae"
"ASV_482","k__Fungi","p__Ascomycota","c__Dothideomycetes","o__Pleosporales","f__Sporormiaceae","g__Sporormiella","s__intermedia"
"ASV_483","k__Fungi","p__Basidiomycota","c__Tremellomycetes","o__Tremellales","f__Bulleribasidiaceae","g__Vishniacozyma","s__victoriae"
"ASV_484","k__Fungi","p__Olpidiomycota","c__Olpidiomycetes","o__Olpidiales","f__Olpidiaceae","g__Olpidiaceae_gen_Incertae_sedis",NA
"ASV_485","k__Fungi","p__Basidiomycota","c__Tremellomycetes","o__Tremellales","f__Bulleribasidiaceae","g__Vishniacozyma","s__victoriae"
"ASV_486","k__Fungi","p__Basidiomycota","c__Tremellomycetes","o__Tremellales","f__Bulleribasidiaceae","g__Vishniacozyma","s__victoriae"
"ASV_487","k__Fungi","p__Basidiomycota","c__Microbotryomycetes","o__Kriegeriales","f__Kriegeriaceae","g__Phenoliferia","s__psychrophila"
"ASV_488","k__Fungi","p__Basidiomycota","c__Tremellomycetes","o__Tremellales","f__Bulleribasidiaceae","g__Vishniacozyma","s__victoriae"
"ASV_489","k__Fungi","p__Ascomycota","c__Sordariomycetes","o__Xylariales",NA,NA,NA
"ASV_490","k__Fungi","p__Ascomycota","c__Leotiomycetes","o__Helotiales","f__Helotiaceae","g__Tetracladium","s__marchalianum"
"ASV_491","k__Fungi","p__Ascomycota","c__Dothideomycetes","o__Pleosporales","f__Pleomassariaceae","g__Pleomassariaceae_gen_Incertae_sedis",NA
"ASV_492","k__Fungi","p__Ascomycota","c__Sordariomycetes","o__Hypocreales","f__Nectriaceae","g__Fusarium",NA
"ASV_493","k__Fungi","p__Ascomycota","c__Leotiomycetes","o__Helotiales","f__Tympanidaceae","g__Tympanidaceae_gen_Incertae_sedis",NA
"ASV_494","k__Fungi","p__Ascomycota","c__Leotiomycetes","o__Helotiales","f__Dermateaceae","g__Coleophoma",NA
"ASV_495","k__Fungi","p__Ascomycota","c__Dothideomycetes","o__Pleosporales","f__Phaeosphaeriaceae",NA,NA
"ASV_496","k__Fungi","p__Basidiomycota","c__Agaricomycetes","o__Cantharellales","f__Ceratobasidiaceae",NA,NA
"ASV_497","k__Fungi","p__Ascomycota","c__Dothideomycetes","o__Pleosporales","f__Cucurbitariaceae","g__Neocucurbitaria","s__juglandicola"
"ASV_498","k__Fungi","p__Basidiomycota","c__Tremellomycetes","o__Filobasidiales","f__Filobasidiaceae","g__Naganishia","s__onofrii"
"ASV_499","k__Fungi","p__Ascomycota","c__Dothideomycetes","o__Pleosporales","f__Pleosporaceae","g__Alternaria","s__tenuissima"
"ASV_500","k__Fungi","p__Ascomycota","c__Sordariomycetes","o__Hypocreales","f__Nectriaceae","g__Fusarium",NA
"ASV_501","k__Fungi","p__Basidiomycota","c__Tremellomycetes","o__Tremellales","f__Bulleribasidiaceae","g__Dioszegia","s__patagonica"
"ASV_502","k__Fungi","p__Ascomycota","c__Dothideomycetes","o__Pleosporales","f__Pleosporaceae","g__Stemphylium",NA
"ASV_503","k__Fungi","p__Basidiomycota","c__Tremellomycetes","o__Tremellales","f__Bulleribasidiaceae","g__Dioszegia",NA
"ASV_504","k__Fungi","p__Basidiomycota","c__Agaricomycetes","o__Cantharellales","f__Ceratobasidiaceae","g__Ceratobasidiaceae_gen_Incertae_sedis",NA
"ASV_505","k__Fungi","p__Chytridiomycota","c__Rhizophlyctidomycetes","o__Rhizophlyctidales","f__Sonoraphlyctidaceae","g__Sonoraphlyctis",NA
"ASV_506","k__Fungi","p__Basidiomycota","c__Tremellomycetes","o__Tremellales","f__Bulleraceae","g__Genolevuria","s__armeniaca"
"ASV_507","k__Fungi","p__Ascomycota","c__Dothideomycetes","o__Pleosporales","f__Phaeosphaeriaceae","g__Phaeosphaeria","s__caricicola"
"ASV_508","k__Fungi","p__Basidiomycota","c__Tremellomycetes","o__Tremellales","f__Bulleribasidiaceae","g__Vishniacozyma","s__victoriae"
"ASV_509","k__Fungi","p__Basidiomycota","c__Cystobasidiomycetes","o__Sakaguchiales","f__Sakaguchiaceae","g__Sakaguchia","s__dacryoidea"
"ASV_510","k__Fungi","p__Basidiomycota","c__Tremellomycetes","o__Tremellales","f__Cryptococcaceae","g__Cryptococcus","s__watticus"
"ASV_511","k__Fungi","p__Basidiomycota","c__Cystobasidiomycetes","o__Naohideales","f__Naohideaceae","g__Naohidea","s__sebacea"
"ASV_512","k__Fungi","p__Ascomycota","c__Dothideomycetes","o__Pleosporales","f__Phaeosphaeriaceae","g__Phaeosphaeria","s__tofieldiae"
"ASV_513","k__Fungi","p__Basidiomycota","c__Agaricomycetes","o__Cantharellales","f__Ceratobasidiaceae","g__Ceratobasidiaceae_gen_Incertae_sedis",NA
"ASV_514","k__Fungi","p__Ascomycota",NA,NA,NA,NA,NA
"ASV_515","k__Fungi","p__Basidiomycota","c__Tremellomycetes","o__Tremellales","f__Bulleribasidiaceae","g__Dioszegia","s__patagonica"
"ASV_516","k__Fungi",NA,NA,NA,NA,NA,NA
"ASV_517","k__Fungi","p__Ascomycota","c__Dothideomycetes","o__Mycosphaerellales","f__Mycosphaerellaceae","g__Ramularia",NA
"ASV_518","k__Fungi","p__Basidiomycota","c__Tremellomycetes","o__Tremellales","f__Bulleribasidiaceae","g__Vishniacozyma","s__victoriae"
"ASV_519","k__Fungi","p__Basidiomycota","c__Cystobasidiomycetes","o__Sakaguchiales","f__Sakaguchiaceae","g__Sakaguchia",NA
"ASV_520","k__Fungi","p__Basidiomycota","c__Microbotryomycetes","o__Sporidiobolales","f__Sporidiobolaceae","g__Rhodosporidiobolus","s__colostri"
"ASV_521","k__Fungi","p__Ascomycota","c__Sordariomycetes","o__Hypocreales","f__Nectriaceae","g__Fusarium",NA
"ASV_522","k__Fungi","p__Ascomycota","c__Dothideomycetes","o__Capnodiales","f__Cladosporiaceae","g__Cladosporium",NA
"ASV_523","k__Fungi","p__Basidiomycota","c__Tremellomycetes","o__Cystofilobasidiales","f__Cystofilobasidiaceae","g__Cystofilobasidium","s__macerans"
"ASV_524","k__Fungi","p__Basidiomycota","c__Tremellomycetes","o__Tremellales","f__Bulleribasidiaceae","g__Vishniacozyma","s__heimaeyensis"
"ASV_525","k__Fungi","p__Basidiomycota","c__Tremellomycetes","o__Tremellales","f__Bulleribasidiaceae","g__Dioszegia","s__patagonica"
"ASV_526","k__Fungi","p__Ascomycota","c__Dothideomycetes","o__Pleosporales","f__Melanommataceae","g__Herpotrichia",NA
"ASV_527","k__Fungi",NA,NA,NA,NA,NA,NA
"ASV_528","k__Fungi","p__Basidiomycota","c__Tremellomycetes","o__Tremellales","f__Bulleribasidiaceae","g__Vishniacozyma","s__victoriae"
"ASV_529","k__Fungi","p__Ascomycota","c__Dothideomycetes","o__Pleosporales","f__Didymellaceae","g__Didymella",NA
"ASV_530","k__Fungi","p__Aphelidiomycota","c__Aphelidiomycetes","o__Aphelidiomycetes_ord_Incertae_sedis","f__Aphelidiomycetes_fam_Incertae_sedis","g__Aphelidiomycetes_gen_Incertae_sedis",NA
"ASV_531","k__Fungi","p__Ascomycota","c__Dothideomycetes","o__Pleosporales","f__Phaeosphaeriaceae","g__Neostagonospora","s__caricis"
"ASV_532","k__Fungi","p__Ascomycota","c__Sordariomycetes","o__Xylariales","f__Bartaliniaceae","g__Truncatella","s__angustata"
"ASV_533","k__Fungi","p__Ascomycota","c__Orbiliomycetes","o__Orbiliales","f__Orbiliaceae","g__Dactylaria","s__dimorphospora"
"ASV_534","k__Fungi","p__Basidiomycota","c__Microbotryomycetes","o__Kriegeriales","f__Kriegeriaceae","g__Phenoliferia","s__psychrophila"
"ASV_535","k__Fungi","p__Basidiomycota","c__Tremellomycetes","o__Tremellales","f__Bulleribasidiaceae","g__Vishniacozyma","s__victoriae"
"ASV_536","k__Fungi","p__Basidiomycota","c__Tremellomycetes","o__Tremellales","f__Cryptococcaceae","g__Kwoniella",NA
"ASV_537","k__Fungi","p__Basidiomycota","c__Tremellomycetes","o__Filobasidiales","f__Filobasidiaceae","g__Filobasidium","s__chernovii"
"ASV_538","k__Fungi","p__Ascomycota","c__Dothideomycetes","o__Capnodiales","f__Cladosporiaceae","g__Cladosporium",NA
"ASV_539","k__Fungi","p__Ascomycota","c__Dothideomycetes","o__Pleosporales","f__Phaeosphaeriaceae","g__Phaeosphaeria","s__tofieldiae"
"ASV_540","k__Fungi","p__Basidiomycota","c__Tremellomycetes","o__Cystofilobasidiales","f__Mrakiaceae","g__Phaffia",NA
"ASV_541","k__Fungi","p__Ascomycota","c__Sordariomycetes","o__Sordariales",NA,NA,NA
"ASV_542","k__Fungi","p__Basidiomycota","c__Tremellomycetes","o__Tremellales","f__Bulleribasidiaceae","g__Vishniacozyma","s__victoriae"
"ASV_543","k__Fungi","p__Basidiomycota","c__Exobasidiomycetes","o__Entylomatales","f__Entylomataceae","g__Entyloma","s__eschscholziae"
"ASV_544","k__Fungi","p__Ascomycota","c__Dothideomycetes","o__Pleosporales","f__Didymellaceae","g__Didymella",NA
"ASV_545","k__Fungi","p__Chytridiomycota",NA,NA,NA,NA,NA
"ASV_546","k__Fungi","p__Basidiomycota","c__Tremellomycetes","o__Filobasidiales","f__Piskurozymaceae","g__Solicoccozyma","s__keelungensis"
"ASV_547","k__Fungi","p__Basidiomycota","c__Tremellomycetes","o__Filobasidiales","f__Piskurozymaceae","g__Piskurozyma",NA
"ASV_548","k__Fungi","p__Basidiomycota",NA,NA,NA,NA,NA
"ASV_549","k__Fungi","p__Basidiomycota","c__Tremellomycetes","o__Tremellales","f__Bulleribasidiaceae","g__Vishniacozyma","s__victoriae"
"ASV_550","k__Fungi",NA,NA,NA,NA,NA,NA
"ASV_551","k__Fungi","p__Basidiomycota","c__Tremellomycetes","o__Tremellales","f__Bulleribasidiaceae","g__Vishniacozyma","s__heimaeyensis"
"ASV_552","k__Fungi","p__Chytridiomycota",NA,NA,NA,NA,NA
"ASV_553","k__Fungi","p__Basidiomycota","c__Tremellomycetes","o__Filobasidiales","f__Filobasidiaceae","g__Naganishia","s__albida"
"ASV_554","k__Fungi","p__Ascomycota","c__Sordariomycetes",NA,NA,NA,NA
"ASV_555","k__Fungi","p__Olpidiomycota","c__Olpidiomycetes","o__Olpidiales","f__Olpidiaceae","g__Olpidium",NA
"ASV_556","k__Fungi","p__Basidiomycota","c__Tremellomycetes","o__Cystofilobasidiales","f__Mrakiaceae","g__Mrakia","s__frigida"
"ASV_557","k__Fungi","p__Ascomycota","c__Dothideomycetes","o__Pleosporales","f__Phaeosphaeriaceae","g__Phaeosphaeria","s__tofieldiae"
"ASV_558","k__Fungi","p__Ascomycota","c__Leotiomycetes","o__Helotiales","f__Ploettnerulaceae",NA,NA
"ASV_559","k__Fungi","p__Basidiomycota","c__Tremellomycetes","o__Tremellales","f__Bulleribasidiaceae","g__Vishniacozyma","s__victoriae"
"ASV_560","k__Fungi","p__Ascomycota","c__Dothideomycetes","o__Pleosporales","f__Didymellaceae","g__Stagonosporopsis","s__lupini"
"ASV_561","k__Fungi","p__Ascomycota","c__Sordariomycetes","o__Hypocreales","f__Nectriaceae","g__Fusarium",NA
"ASV_562","k__Fungi","p__Ascomycota","c__Dothideomycetes","o__Capnodiales","f__Cladosporiaceae","g__Cladosporium","s__herbarum"
"ASV_563","k__Fungi","p__Ascomycota","c__Sordariomycetes","o__Hypocreales","f__Nectriaceae","g__Fusarium","s__keratoplasticum"
"ASV_564","k__Fungi","p__Ascomycota","c__Dothideomycetes","o__Pleosporales","f__Pleosporaceae","g__Alternaria",NA
"ASV_565","k__Fungi","p__Chytridiomycota","c__Rhizophydiomycetes","o__Rhizophydiales","f__Rhizophydiales_fam_Incertae_sedis","g__Coralloidiomyces",NA
"ASV_566","k__Fungi","p__Basidiomycota","c__Microbotryomycetes","o__Microbotryomycetes_ord_Incertae_sedis","f__Chrysozymaceae","g__Sampaiozyma","s__vanillica"
"ASV_567","k__Fungi","p__Basidiomycota","c__Malasseziomycetes","o__Malasseziales","f__Malasseziaceae","g__Malasseziaceae_gen_Incertae_sedis",NA
"ASV_568","k__Fungi","p__Basidiomycota","c__Tremellomycetes","o__Filobasidiales","f__Filobasidiaceae","g__Filobasidium",NA
"ASV_569","k__Fungi","p__Ascomycota","c__Sordariomycetes","o__Xylariales","f__Sporocadaceae",NA,NA
"ASV_570","k__Fungi","p__Ascomycota","c__Dothideomycetes","o__Pleosporales","f__Phaeosphaeriaceae",NA,NA
"ASV_571","k__Fungi","p__Basidiomycota","c__Tremellomycetes","o__Tremellales","f__Bulleribasidiaceae","g__Vishniacozyma","s__heimaeyensis"
"ASV_572","k__Fungi","p__Ascomycota","c__Dothideomycetes","o__Pleosporales","f__Sporormiaceae","g__Preussia","s__procaviae"
"ASV_573","k__Fungi","p__Ascomycota","c__Dothideomycetes","o__Pleosporales","f__Phaeosphaeriaceae","g__Phaeosphaeria","s__tofieldiae"
"ASV_574","k__Fungi",NA,NA,NA,NA,NA,NA
"ASV_575","k__Fungi","p__Ascomycota","c__Sordariomycetes","o__Hypocreales","f__Hypocreales_fam_Incertae_sedis","g__Acremonium","s__alternatum"
"ASV_576","k__Fungi","p__Basidiomycota","c__Tremellomycetes","o__Tremellales","f__Bulleribasidiaceae","g__Vishniacozyma","s__victoriae"
"ASV_577","k__Fungi","p__Ascomycota","c__Dothideomycetes","o__Pleosporales","f__Pleosporaceae","g__Alternaria","s__multirostrata"
"ASV_578","k__Fungi","p__Basidiomycota","c__Tremellomycetes","o__Tremellales","f__Bulleribasidiaceae","g__Vishniacozyma","s__victoriae"
"ASV_579","k__Fungi","p__Ascomycota","c__Dothideomycetes","o__Capnodiales","f__Cladosporiaceae","g__Cladosporium",NA
"ASV_580","k__Fungi","p__Basidiomycota","c__Tremellomycetes","o__Tremellales","f__Bulleribasidiaceae","g__Vishniacozyma","s__victoriae"
"ASV_581","k__Fungi","p__Ascomycota","c__Dothideomycetes","o__Pleosporales","f__Pleosporaceae","g__Pyrenophora","s__seminiperda"
"ASV_582","k__Fungi","p__Ascomycota","c__Dothideomycetes","o__Pleosporales","f__Phaeosphaeriaceae","g__Paraphoma","s__ledniceana"
"ASV_583","k__Fungi","p__Ascomycota","c__Leotiomycetes","o__Helotiales","f__Sclerotiniaceae","g__Clarireedia","s__bennettii"
"ASV_584","k__Fungi","p__Olpidiomycota","c__Olpidiomycetes","o__Olpidiales","f__Olpidiaceae","g__Olpidiaceae_gen_Incertae_sedis",NA
"ASV_585","k__Fungi","p__Basidiomycota","c__Tremellomycetes","o__Filobasidiales","f__Filobasidiaceae","g__Filobasidium","s__chernovii"
"ASV_586","k__Fungi","p__Ascomycota","c__Dothideomycetes","o__Pleosporales","f__Pleosporaceae","g__Comoclathris","s__rosae"
"ASV_587","k__Fungi","p__Basidiomycota","c__Tremellomycetes","o__Cystofilobasidiales","f__Mrakiaceae","g__Mrakia","s__frigida"
"ASV_588","k__Fungi","p__Ascomycota","c__Dothideomycetes","o__Pleosporales","f__Pleosporaceae","g__Alternaria",NA
"ASV_589","k__Fungi","p__Basidiomycota","c__Tremellomycetes","o__Tremellales","f__Bulleribasidiaceae","g__Vishniacozyma","s__victoriae"
"ASV_590","k__Fungi","p__Ascomycota","c__Dothideomycetes","o__Pleosporales","f__Pleosporaceae","g__Alternaria","s__tenuissima"
"ASV_591","k__Fungi","p__Ascomycota","c__Sordariomycetes","o__Xylariales","f__Lopadostomataceae","g__Lopadostoma","s__quercicola"
"ASV_592","k__Fungi","p__Chytridiomycota","c__Rhizophydiomycetes","o__Rhizophydiales","f__Rhizophydiales_fam_Incertae_sedis","g__Rhizophydiales_gen_Incertae_sedis",NA
"ASV_593","k__Fungi","p__Basidiomycota","c__Tremellomycetes","o__Tremellales","f__Bulleribasidiaceae","g__Dioszegia","s__patagonica"
"ASV_594","k__Fungi","p__Ascomycota","c__Dothideomycetes","o__Dothideomycetes_ord_Incertae_sedis","f__Seuratiaceae","g__Atichia","s__glomerulosa"
"ASV_595","k__Fungi","p__Ascomycota","c__Sordariomycetes","o__Hypocreales","f__Nectriaceae","g__Fusarium",NA
"ASV_596","k__Fungi","p__Ascomycota","c__Dothideomycetes","o__Pleosporales","f__Pleosporaceae","g__Stemphylium","s__callistephi"
"ASV_597","k__Fungi","p__Ascomycota","c__Dothideomycetes","o__Pleosporales","f__Didymellaceae","g__Calophoma","s__vincetoxici"
"ASV_598","k__Fungi","p__Basidiomycota","c__Tremellomycetes","o__Tremellales","f__Bulleribasidiaceae","g__Vishniacozyma","s__victoriae"
"ASV_599","k__Fungi","p__Basidiomycota","c__Tremellomycetes","o__Tremellales","f__Bulleribasidiaceae","g__Vishniacozyma","s__victoriae"
"ASV_600","k__Fungi","p__Basidiomycota","c__Microbotryomycetes","o__Microbotryales","f__Ustilentylomataceae","g__Microbotryozyma",NA
"ASV_601","k__Fungi","p__Basidiomycota","c__Agaricostilbomycetes","o__Agaricostilbales","f__Kondoaceae","g__Kondoa",NA
"ASV_602","k__Fungi","p__Basidiomycota","c__Tremellomycetes","o__Tremellales","f__Bulleribasidiaceae","g__Vishniacozyma","s__victoriae"
"ASV_603","k__Fungi","p__Ascomycota","c__Leotiomycetes","o__Helotiales","f__Helotiaceae","g__Pseudoclathrosphaerina",NA
"ASV_604","k__Fungi","p__Basidiomycota","c__Cystobasidiomycetes","o__Cystobasidiales","f__Cystobasidiaceae","g__Cystobasidium","s__pinicola"
"ASV_605","k__Fungi","p__Chytridiomycota","c__Spizellomycetes","o__Spizellomycetales","f__Spizellomycetales_fam_Incertae_sedis","g__Spizellomycetales_gen_Incertae_sedis",NA
"ASV_606","k__Fungi","p__Basidiomycota","c__Exobasidiomycetes","o__Entylomatales","f__Entylomataceae","g__Entyloma","s__diastateae"
"ASV_607","k__Fungi","p__Ascomycota","c__Dothideomycetes","o__Pleosporales","f__Phaeosphaeriaceae","g__Phaeosphaeria",NA
"ASV_608","k__Fungi","p__Ascomycota","c__Sordariomycetes","o__Xylariales","f__Graphostromataceae","g__Biscogniauxia","s__mediterranea"
"ASV_609","k__Fungi","p__Ascomycota","c__Dothideomycetes","o__Pleosporales","f__Pleosporaceae","g__Alternaria",NA
"ASV_610","k__Fungi","p__Ascomycota","c__Dothideomycetes","o__Pleosporales","f__Phaeosphaeriaceae","g__Sclerostagonospora","s__pinguis"
"ASV_611","k__Fungi","p__Ascomycota","c__Taphrinomycetes","o__Taphrinales","f__Protomycetaceae","g__Protomyces","s__inouyei"
"ASV_612","k__Fungi","p__Basidiomycota","c__Tremellomycetes","o__Tremellales","f__Phaeotremellaceae","g__Gelidatrema",NA
"ASV_613","k__Fungi","p__Basidiomycota","c__Agaricostilbomycetes","o__Agaricostilbales","f__Kondoaceae","g__Bensingtonia",NA
"ASV_614","k__Fungi","p__Chytridiomycota","c__Rhizophlyctidomycetes","o__Rhizophlyctidales","f__Sonoraphlyctidaceae","g__Sonoraphlyctis",NA
"ASV_615","k__Fungi","p__Basidiomycota","c__Microbotryomycetes","o__Microbotryomycetes_ord_Incertae_sedis","f__Chrysozymaceae","g__Udeniozyma",NA
"ASV_616","k__Fungi","p__Basidiomycota","c__Agaricomycetes","o__Polyporales","f__Ganodermataceae","g__Cryptoporus","s__volvatus"
"ASV_617","k__Fungi","p__Basidiomycota","c__Tremellomycetes","o__Tremellales","f__Rhynchogastremataceae","g__Papiliotrema","s__laurentii"
"ASV_618","k__Fungi",NA,NA,NA,NA,NA,NA
"ASV_619","k__Fungi","p__Ascomycota","c__Taphrinomycetes","o__Taphrinales","f__Protomycetaceae","g__Protomyces","s__inouyei"
"ASV_620","k__Fungi","p__Ascomycota","c__Sordariomycetes","o__Xylariales",NA,NA,NA
"ASV_621","k__Fungi","p__Ascomycota","c__Dothideomycetes","o__Pleosporales","f__Phaeosphaeriaceae","g__Phaeosphaeria","s__tofieldiae"
"ASV_622","k__Fungi","p__Ascomycota","c__Leotiomycetes","o__Helotiales","f__Dermateaceae","g__Coleophoma",NA
"ASV_623","k__Fungi","p__Ascomycota","c__Dothideomycetes","o__Pleosporales","f__Pleomassariaceae","g__Pleomassariaceae_gen_Incertae_sedis",NA
"ASV_624","k__Fungi","p__Basidiomycota","c__Agaricomycetes","o__Cantharellales","f__Ceratobasidiaceae","g__Ceratobasidium",NA
"ASV_625","k__Fungi","p__Ascomycota","c__Dothideomycetes","o__Pleosporales","f__Didymellaceae","g__Didymella",NA
"ASV_626","k__Fungi","p__Ascomycota","c__Leotiomycetes","o__Helotiales",NA,NA,NA
"ASV_627","k__Fungi",NA,NA,NA,NA,NA,NA
"ASV_628","k__Fungi",NA,NA,NA,NA,NA,NA
"ASV_629","k__Fungi","p__Basidiomycota","c__Cystobasidiomycetes","o__Cystobasidiales","f__Cystobasidiaceae","g__Occultifur",NA
"ASV_630","k__Fungi","p__Ascomycota","c__Leotiomycetes",NA,NA,NA,NA
"ASV_631","k__Fungi","p__Basidiomycota","c__Tremellomycetes","o__Tremellales","f__Cuniculitremaceae",NA,NA
"ASV_632","k__Fungi","p__Basidiomycota",NA,NA,NA,NA,NA
"ASV_633","k__Fungi","p__Basidiomycota","c__Cystobasidiomycetes","o__Naohideales","f__Naohideaceae","g__Naohidea","s__sebacea"
"ASV_634","k__Fungi",NA,NA,NA,NA,NA,NA
"ASV_635","k__Fungi","p__Olpidiomycota","c__GS18","o__GS18_ord_Incertae_sedis","f__GS18_ord_Incertae_sedis_fam_Incertae_sedis","g__GS18_ord_Incertae_sedis_gen_Incertae_sedis",NA
"ASV_636","k__Fungi","p__Basidiomycota","c__Agaricomycetes","o__Agaricales","f__Strophariaceae","g__Deconica",NA
"ASV_637","k__Fungi","p__Ascomycota","c__Leotiomycetes","o__Helotiales",NA,NA,NA
"ASV_638","k__Fungi","p__Ascomycota","c__Taphrinomycetes","o__Taphrinales","f__Protomycetaceae","g__Protomyces","s__inouyei"
"ASV_639","k__Fungi","p__Basidiomycota","c__Tremellomycetes","o__Cystofilobasidiales","f__Mrakiaceae","g__Tausonia","s__pamirica"
"ASV_640","k__Fungi","p__Basidiomycota","c__Agaricomycetes","o__Agaricales","f__Entolomataceae","g__Clitopilus","s__baronii"
"ASV_641","k__Fungi","p__Basidiomycota","c__Cystobasidiomycetes","o__Sakaguchiales","f__Sakaguchiaceae","g__Sakaguchia","s__dacryoidea"
"ASV_642","k__Fungi","p__Basidiomycota","c__Tremellomycetes","o__Filobasidiales","f__Filobasidiaceae","g__Naganishia",NA
"ASV_643","k__Fungi","p__Ascomycota","c__Dothideomycetes","o__Mycosphaerellales","f__Mycosphaerellaceae","g__Septoria","s__glycinicola"
"ASV_644","k__Fungi","p__Ascomycota","c__Saccharomycetes","o__Saccharomycetales","f__Saccharomycetales_fam_Incertae_sedis","g__Candida","s__parapsilosis"
"ASV_645","k__Fungi",NA,NA,NA,NA,NA,NA
"ASV_646","k__Fungi","p__Ascomycota","c__Leotiomycetes","o__Helotiales","f__Hyaloscyphaceae",NA,NA
"ASV_647","k__Fungi","p__Basidiomycota","c__Tremellomycetes","o__Tremellales","f__Bulleribasidiaceae","g__Vishniacozyma","s__dimennae"
"ASV_648","k__Fungi","p__Ascomycota","c__Dothideomycetes","o__Mycosphaerellales","f__Mycosphaerellaceae","g__Ramularia",NA
"ASV_649","k__Fungi","p__Ascomycota","c__Dothideomycetes","o__Dothideales","f__Dothioraceae","g__Hormonema","s__viticola"
"ASV_650","k__Fungi","p__Ascomycota","c__Dothideomycetes","o__Pleosporales","f__Phaeosphaeriaceae","g__Phaeosphaeria","s__tofieldiae"
"ASV_651","k__Fungi","p__Basidiomycota","c__Agaricostilbomycetes","o__Agaricostilbales","f__Agaricostilbaceae","g__Pseudobensingtonia","s__musae"
"ASV_652","k__Fungi","p__Ascomycota","c__Dothideomycetes","o__Pleosporales","f__Phaeosphaeriaceae","g__Septoriella",NA
"ASV_653","k__Fungi","p__Ascomycota","c__Dothideomycetes","o__Pleosporales","f__Phaeosphaeriaceae","g__Paraphoma","s__radicina"
"ASV_654","k__Fungi","p__Olpidiomycota","c__Olpidiomycetes","o__Olpidiales","f__Olpidiaceae","g__Olpidiaster","s__brassicae"
"ASV_655","k__Fungi","p__Ascomycota","c__Leotiomycetes","o__Helotiales","f__Helotiaceae","g__Hymenoscyphus","s__tetracladius"
"ASV_656","k__Fungi","p__Chytridiomycota","c__Chytridiomycota_cls_Incertae_sedis","o__Chytridiomycota_ord_Incertae_sedis","f__Chytridiomycota_fam_Incertae_sedis","g__Chytridiomycota_gen_Incertae_sedis",NA
"ASV_657","k__Fungi","p__Aphelidiomycota","c__Aphelidiomycetes","o__Aphelidiomycetes_ord_Incertae_sedis","f__Aphelidiomycetes_fam_Incertae_sedis","g__Aphelidiomycetes_gen_Incertae_sedis",NA
"ASV_658","k__Fungi","p__Ascomycota","c__Dothideomycetes","o__Pleosporales","f__Pleosporaceae","g__Curvularia","s__gladioli"
"ASV_659","k__Fungi",NA,NA,NA,NA,NA,NA
"ASV_660","k__Fungi","p__Ascomycota","c__Sordariomycetes","o__Xylariales","f__Sporocadaceae","g__Heterotruncatella",NA
"ASV_661","k__Fungi","p__Basidiomycota","c__Agaricomycetes","o__Sebacinales","f__Serendipitaceae","g__Serendipita","s__herbamans"
"ASV_662","k__Fungi",NA,NA,NA,NA,NA,NA
"ASV_663","k__Fungi","p__Ascomycota","c__Dothideomycetes","o__Pleosporales","f__Amorosiaceae","g__Amorocoelophoma","s__cassiae"
"ASV_664","k__Fungi","p__Ascomycota","c__Leotiomycetes","o__Helotiales","f__Helotiaceae","g__Hymenoscyphus","s__tetracladius"
"ASV_665","k__Fungi",NA,NA,NA,NA,NA,NA
"ASV_666","k__Fungi","p__Basidiomycota","c__Tremellomycetes","o__Tremellales","f__Bulleribasidiaceae","g__Vishniacozyma","s__victoriae"
"ASV_667","k__Fungi","p__Basidiomycota","c__Agaricomycetes","o__Boletales","f__Serpulaceae","g__Serpula","s__lacrymans"
"ASV_668","k__Fungi","p__Ascomycota","c__Leotiomycetes","o__Helotiales","f__Helotiaceae","g__Helotium",NA
"ASV_669","k__Fungi","p__Basidiomycota","c__Agaricomycetes","o__Russulales","f__Stereaceae","g__Stereum","s__complicatum"
"ASV_670","k__Fungi",NA,NA,NA,NA,NA,NA
"ASV_671","k__Fungi","p__Ascomycota","c__Sordariomycetes","o__Sordariales","f__Sordariales_fam_Incertae_sedis","g__Papulaspora","s__byssina"
"ASV_672","k__Fungi","p__Basidiomycota","c__Agaricomycetes","o__Sebacinales","f__Serendipitaceae","g__Serendipita","s__herbamans"
"ASV_673","k__Fungi","p__Ascomycota","c__Dothideomycetes","o__Pleosporales","f__Didymellaceae","g__Epicoccum",NA
"ASV_674","k__Fungi","p__Basidiomycota","c__Agaricomycetes","o__Polyporales","f__Irpicaceae","g__Ceriporia","s__lacerata"
"ASV_675","k__Fungi","p__Ascomycota","c__Dothideomycetes","o__Pleosporales","f__Phaeosphaeriaceae","g__Neostagonospora",NA
"ASV_676","k__Fungi","p__Ascomycota","c__Sordariomycetes","o__Sordariales","f__Chaetomiaceae","g__Trichocladium","s__acropullum"
"ASV_677","k__Fungi","p__Ascomycota","c__Dothideomycetes","o__Mycosphaerellales","f__Mycosphaerellaceae","g__Septoria","s__glycinicola"
"ASV_678","k__Fungi","p__Ascomycota","c__Sordariomycetes","o__Xylariales","f__Apiosporaceae","g__Arthrinium","s__caricicola"
"ASV_679","k__Fungi",NA,NA,NA,NA,NA,NA
"ASV_680","k__Fungi","p__Ascomycota","c__Pezizomycetes","o__Pezizales","f__Pezizaceae","g__Iodophanus","s__carneus"
"ASV_681","k__Fungi","p__Basidiomycota","c__Agaricomycetes","o__Russulales","f__Stereaceae","g__Stereum","s__complicatum"
"ASV_682","k__Fungi","p__Basidiomycota","c__Agaricomycetes","o__Sistotremastrales","f__Sistotremastraceae","g__Sistotremastrum",NA
"ASV_683","k__Fungi","p__Basidiomycota",NA,NA,NA,NA,NA
"ASV_684","k__Fungi","p__Basidiomycota","c__Agaricomycetes","o__Cantharellales","f__Ceratobasidiaceae",NA,NA
"ASV_685","k__Fungi","p__Chytridiomycota","c__Rhizophlyctidomycetes","o__Rhizophlyctidales","f__Sonoraphlyctidaceae","g__Sonoraphlyctis",NA
"ASV_686","k__Fungi","p__Ascomycota","c__Leotiomycetes","o__Helotiales","f__Dermateaceae","g__Coleophoma",NA
"ASV_687","k__Fungi","p__Chytridiomycota","c__Spizellomycetes","o__Spizellomycetales","f__Spizellomycetales_fam_Incertae_sedis","g__Spizellomycetales_gen_Incertae_sedis",NA
"ASV_688","k__Fungi","p__Chytridiomycota","c__Rhizophydiomycetes","o__Rhizophydiales","f__Rhizophydiales_fam_Incertae_sedis","g__Coralloidiomyces",NA
"ASV_689","k__Fungi","p__Ascomycota","c__Leotiomycetes","o__Helotiales","f__Helotiaceae","g__Articulospora",NA
"ASV_690","k__Fungi","p__Chytridiomycota","c__Spizellomycetes","o__Spizellomycetales","f__Spizellomycetales_fam_Incertae_sedis","g__Spizellomycetales_gen_Incertae_sedis",NA
"ASV_691","k__Fungi",NA,NA,NA,NA,NA,NA
"ASV_692","k__Fungi","p__Ascomycota","c__Dothideomycetes","o__Capnodiales","f__Cladosporiaceae","g__Toxicocladosporium","s__irritans"
"ASV_693","k__Fungi","p__Ascomycota","c__Dothideomycetes","o__Pleosporales","f__Amniculicolaceae","g__Murispora","s__cicognanii"
"ASV_694","k__Fungi","p__Basidiomycota","c__Geminibasidiomycetes","o__Geminibasidiales","f__Geminibasidiaceae","g__Geminibasidium",NA
"ASV_695","k__Fungi","p__Ascomycota","c__Dothideomycetes","o__Pleosporales","f__Sporormiaceae","g__Sporormiella","s__intermedia"
"ASV_696","k__Fungi","p__Ascomycota","c__Dothideomycetes","o__Pleosporales","f__Amniculicolaceae","g__Murispora","s__cardui"
"ASV_697","k__Fungi","p__Ascomycota","c__Dothideomycetes","o__Pleosporales","f__Pleosporaceae","g__Comoclathris","s__rosae"
"ASV_698","k__Fungi","p__Basidiomycota","c__Microbotryomycetes","o__Sporidiobolales","f__Sporidiobolaceae","g__Rhodotorula","s__babjevae"
